Name,From,Experience,Season,Salary,Age,Pos,G,MP,ThreePoint,TwoPoint,FT,FTA,ORB,DRB,TRB,AST,STL,BLK,TOV,PF,To,Height,Weight,College
Tony Allen,2005,2,2006-07,1037280,25,SG,33,805,8,125,105,134,35,89,124,56,49,12,75,87,2016,6.4,213,Oklahoma State University
Tony Allen,2005,3,2007-08,1868141,26,SG,75,1373,18,151,138,181,34,134,168,114,62,21,109,168,2016,6.4,213,Oklahoma State University
Tony Allen,2005,4,2008-09,2500000,27,SG,46,887,6,131,79,109,22,82,104,66,54,23,77,98,2016,6.4,213,Oklahoma State University
Tony Allen,2005,5,2009-10,2500000,28,SG,54,889,0,129,72,119,52,93,145,72,59,19,66,109,2016,6.4,213,Oklahoma State University
Tony Allen,2005,6,2010-11,3000000,29,SG,72,1494,4,247,137,182,70,123,193,104,129,44,86,161,2016,6.4,213,Oklahoma State University
Tony Allen,2005,7,2011-12,3150000,30,SG,58,1525,8,202,140,175,98,135,233,79,104,33,94,142,2016,6.4,213,Oklahoma State University
Tony Allen,2005,8,2012-13,3300000,31,SG,79,2109,3,281,134,187,121,242,363,98,119,44,94,211,2016,6.4,213,Oklahoma State University
Tony Allen,2005,9,2013-14,4494382,32,SG,55,1278,11,193,76,121,79,129,208,94,90,19,90,121,2016,6.4,213,Oklahoma State University
Tony Allen,2005,10,2014-15,4831461,33,SG,63,1648,10,215,79,126,103,177,280,86,129,30,86,166,2016,6.4,213,Oklahoma State University
Tony Allen,2005,11,2015-16,5168539,34,SF,46,1138,11,112,48,81,73,148,221,42,73,12,43,130,2016,6.4,213,Oklahoma State University
Chris Andersen,2002,7,2008-09,998398,30,C,71,1460,2,158,130,181,163,279,442,31,41,175,69,174,2016,6.1,245,Blinn College
Chris Andersen,2002,8,2009-10,3650000,31,PF,76,1695,0,142,164,236,147,336,483,33,42,143,59,171,2016,6.1,245,Blinn College
Chris Andersen,2002,9,2010-11,4533300,32,C,45,732,0,82,86,135,75,144,219,20,23,58,25,79,2016,6.1,245,Blinn College
Chris Andersen,2002,10,2011-12,4234000,33,C,32,486,0,108,82,0.61,100,148,6,19,46,17,52,168,2016,6.1,245,Blinn College
Chris Andersen,2002,11,2012-13,4526000,34,C,42,624,2,69,63,93,57,115,172,17,16,44,24,89,2016,6.1,245,Blinn College
Chris Andersen,2002,12,2013-14,1399507,35,C,72,1396,3,174,120,169,129,250,379,19,32,97,53,162,2016,6.1,245,Blinn College
Chris Andersen,2002,13,2014-15,5375000,36,C,60,1132,4,116,76,114,76,223,299,43,26,61,40,88,2016,6.1,245,Blinn College
Chris Andersen,2002,14,2015-16,5000000,37,C,7,36,2,2,3,4,3,6,9,3,1,3,2,4,2016,6.1,245,Blinn College
Carmelo Anthony,2004,3,2006-07,4694041,22,SF,65,2486,40,651,459,568,143,248,391,249,77,23,234,203,2016,6.8,240,Syracuse University
Carmelo Anthony,2004,4,2007-08,13041250,23,SF,77,2806,58,670,464,590,178,393,571,259,98,39,253,253,2016,6.8,240,Syracuse University
Carmelo Anthony,2004,5,2008-09,14410581,24,SF,66,2277,63,472,371,468,106,344,450,222,75,24,199,195,2016,6.8,240,Syracuse University
Carmelo Anthony,2004,6,2009-10,15779912,25,SF,69,2634,59,629,508,612,152,302,454,222,88,30,209,225,2016,6.8,240,Syracuse University
Carmelo Anthony,2004,7,2010-11,17149243,26,SF,50,1774,42,395,343,417,77,305,382,140,43,31,142,134,2016,6.8,240,Syracuse University
Carmelo Anthony,2004,8,2011-12,18518574,27,SF,55,1876,68,373,295,367,88,256,344,200,62,24,144,156,2016,6.8,240,Syracuse University
Carmelo Anthony,2004,9,2012-13,19450000,28,PF,67,2482,157,512,425,512,134,326,460,171,52,32,175,205,2016,6.8,240,Syracuse University
Carmelo Anthony,2004,10,2013-14,22407474,29,PF,77,2982,167,576,459,541,145,477,622,242,95,51,198,224,2016,6.8,240,Syracuse University
Carmelo Anthony,2004,11,2014-15,22458000,30,SF,40,1428,61,297,189,237,72,192,264,122,40,17,89,87,2016,6.8,240,Syracuse University
Carmelo Anthony,2004,12,2015-16,22875000,31,SF,48,1670,64,296,242,295,68,310,378,200,43,24,122,120,2016,6.8,240,Syracuse University
Trevor Ariza,2005,2,2006-07,3100000,21,SG,57,1278,0,200,106,171,98,151,249,65,59,19,84,134,2016,6.8,215,University of California  Los Angeles
Trevor Ariza,2005,3,2007-08,3100000,22,SF,35,546,5,64,49,75,30,78,108,44,31,11,23,45,2016,6.8,215,University of California  Los Angeles
Trevor Ariza,2005,4,2008-09,3100000,23,SF,82,1999,61,213,120,169,111,241,352,145,137,24,87,166,2016,6.8,215,University of California  Los Angeles
Trevor Ariza,2005,5,2009-10,5854000,24,SF,72,2629,136,258,148,228,78,325,403,276,126,40,161,162,2016,6.8,215,University of California  Los Angeles
Trevor Ariza,2005,6,2010-11,6322320,25,SF,75,2600,82,221,138,197,61,347,408,162,120,31,118,180,2016,6.8,215,University of California  Los Angeles
Trevor Ariza,2005,7,2011-12,6790640,26,SF,41,1350,29,139,79,102,41,174,215,135,69,25,76,73,2016,6.8,215,University of California  Los Angeles
Trevor Ariza,2005,8,2012-13,7258960,27,SF,56,1471,76,112,78,95,44,222,266,113,72,20,84,72,2016,6.8,215,University of California  Los Angeles
Trevor Ariza,2005,9,2013-14,7727280,28,SF,77,2723,180,209,149,193,99,376,475,191,126,20,132,179,2016,6.8,215,University of California  Los Angeles
Trevor Ariza,2005,10,2014-15,8579089,29,SF,82,2930,194,172,122,143,77,382,459,209,152,17,141,186,2016,6.8,215,University of California  Los Angeles
Trevor Ariza,2005,11,2015-16,8193030,30,SF,54,1873,123,110,74,102,43,207,250,104,104,14,77,116,2016,6.8,215,University of California  Los Angeles
Leandro Barbosa,2004,3,2006-07,1679733,24,SG,80,2613,190,339,196,232,22,192,214,317,96,15,146,210,2016,6.3,194,
Leandro Barbosa,2004,4,2007-08,5600000,25,SG,82,2421,164,308,175,213,40,191,231,216,75,18,117,195,2016,6.3,194,
Leandro Barbosa,2004,5,2008-09,6100000,26,SG,70,1705,90,276,171,194,34,147,181,162,82,7,93,115,2016,6.3,194,
Leandro Barbosa,2004,6,2009-10,6600000,27,PG,44,786,44,111,64,73,11,58,69,64,23,12,46,71,2016,6.3,194,
Leandro Barbosa,2004,7,2010-11,7100000,28,SG,58,1395,72,222,109,137,14,85,99,119,50,6,84,112,2016,6.3,194,
Leandro Barbosa,2004,8,2011-12,7600000,29,SG,64,1382,65,206,101,124,33,95,128,96,56,7,94,135,2016,6.3,194,
Leandro Barbosa,2004,9,2012-13,1229255,30,PG,41,513,18,65,31,41,8,38,46,58,17,6,21,51,2016,6.3,194,
Leandro Barbosa,2004,11,2014-15,1448490,32,SG,66,982,43,140,58,74,23,68,91,99,41,8,44,87,2016,6.3,194,
Leandro Barbosa,2004,12,2015-16,2500000,33,SG,39,582,23,79,30,36,15,46,61,55,29,6,34,62,2016,6.3,194,
Matt Barnes,2004,3,2006-07,771331,26,PF,76,1813,106,169,90,123,91,259,350,156,73,41,105,188,2016,6.7,226,University of California  Los Angeles
Matt Barnes,2004,4,2007-08,3000000,27,PF,73,1414,53,134,59,79,94,230,324,139,48,36,85,159,2016,6.7,226,University of California  Los Angeles
Matt Barnes,2004,5,2008-09,926678,28,PF,77,2082,117,168,101,136,79,342,421,212,52,26,130,209,2016,6.7,226,University of California  Los Angeles
Matt Barnes,2004,6,2009-10,1600000,29,SF,81,2097,66,205,108,146,106,339,445,134,59,30,112,185,2016,6.7,226,University of California  Los Angeles
Matt Barnes,2004,7,2010-11,1765000,30,SF,53,1020,34,97,60,77,73,155,228,71,39,22,58,127,2016,6.7,226,University of California  Los Angeles
Matt Barnes,2004,8,2011-12,1906200,31,SF,63,1440,46,129,95,128,97,247,344,126,35,48,73,152,2016,6.7,226,University of California  Los Angeles
Matt Barnes,2004,9,2012-13,1229255,32,SF,80,2058,111,201,87,117,111,255,366,123,82,63,90,233,2016,6.7,226,University of California  Los Angeles
Matt Barnes,2004,10,2013-14,3250000,33,SF,63,1735,97,134,66,90,60,232,292,125,56,28,85,185,2016,6.7,226,University of California  Los Angeles
Matt Barnes,2004,11,2014-15,3396250,34,SF,76,2271,136,141,74,95,51,251,302,114,67,50,87,240,2016,6.7,226,University of California  Los Angeles
Matt Barnes,2004,12,2015-16,3542500,35,SF,49,1287,72,81,53,65,49,199,248,86,55,37,62,153,2016,6.7,226,University of California  Los Angeles
Brandon Bass,2006,1,2006-07,664209,21,PF,21,162,0,15,12,16,13,30,43,3,2,3,10,16,2016,6.8,250,Louisiana State University
Brandon Bass,2006,2,2007-08,770610,22,C,79,1557,0,246,162,197,120,227,347,58,22,48,82,150,2016,6.8,250,Louisiana State University
Brandon Bass,2006,3,2008-09,826269,23,C,81,1574,0,252,182,210,129,238,367,43,27,55,86,140,2016,6.8,250,Louisiana State University
Brandon Bass,2006,4,2009-10,4000000,24,PF,50,648,0,233,63,0.825,73,127,19,12,27,31,69,290,2016,6.8,250,Louisiana State University
Brandon Bass,2006,5,2010-11,4000000,25,PF,76,1980,0,332,190,233,134,290,424,57,27,52,97,159,2016,6.8,250,Louisiana State University
Brandon Bass,2006,6,2011-12,4250000,26,PF,59,1868,0,632,163,0.81,270,365,55,34,54,65,135,738,2016,6.8,250,Louisiana State University
Brandon Bass,2006,7,2012-13,6000000,27,PF,81,2239,0,286,129,150,129,296,425,84,44,64,80,188,2016,6.8,250,Louisiana State University
Brandon Bass,2006,8,2013-14,6450000,28,PF,82,2266,2,350,205,239,161,309,470,87,36,71,102,190,2016,6.8,250,Louisiana State University
Brandon Bass,2006,9,2014-15,6900000,29,PF,82,1929,9,335,169,214,139,259,398,104,41,32,83,140,2016,6.8,250,Louisiana State University
Brandon Bass,2006,10,2015-16,3000000,30,PF,47,900,0,111,71,84,74,124,198,56,24,39,28,87,2016,6.8,250,Louisiana State University
Steve Blake,2004,3,2006-07,1330000,26,PG,82,2225,67,142,43,64,21,148,169,408,61,8,129,121,2016,6.3,172,University of Maryland
Steve Blake,2004,4,2007-08,4250000,27,PG,81,2424,121,140,49,64,31,164,195,413,55,4,113,133,2016,6.3,172,University of Maryland
Steve Blake,2004,5,2008-09,4250000,28,PG,69,2188,140,137,63,75,28,145,173,348,69,4,108,126,2016,6.3,172,University of Maryland
Steve Blake,2004,6,2009-10,4930000,29,PG,80,2159,116,101,36,48,21,166,187,380,58,6,128,123,2016,6.3,172,University of Maryland
Steve Blake,2004,7,2010-11,4000000,30,PG,79,1581,73,37,26,30,19,137,156,170,40,3,73,99,2016,6.3,172,University of Maryland
Steve Blake,2004,8,2011-12,4000000,31,PG,53,1237,53,48,21,27,9,76,85,175,39,2,72,75,2016,6.3,172,University of Maryland
Steve Blake,2004,9,2012-13,4000000,32,PG,45,1175,72,42,27,35,21,111,132,173,34,6,62,83,2016,6.3,172,University of Maryland
Steve Blake,2004,10,2013-14,4000000,33,PG,55,1498,79,54,33,43,13,146,159,307,54,8,102,85,2016,6.3,172,University of Maryland
Steve Blake,2004,11,2014-15,2077000,34,PG,81,1529,77,45,29,41,16,121,137,288,41,5,104,118,2016,6.3,172,University of Maryland
Steve Blake,2004,12,2015-16,2170465,35,PG,30,468,29,20,5,7,6,39,45,87,14,3,42,33,2016,6.3,172,University of Maryland
Andrew Bogut,2006,1,2006-07,4665960,22,C,66,2258,1,347,112,194,168,416,584,198,49,35,150,216,2016,7,260,University of Utah
Andrew Bogut,2006,2,2007-08,4991520,23,C,78,2720,0,465,189,322,245,518,763,199,64,135,172,254,2016,7,260,University of Utah
Andrew Bogut,2006,3,2008-09,6294310,24,C,36,1124,0,317,98,0.571,252,369,72,23,37,86,130,422,2016,7,260,University of Utah
Andrew Bogut,2006,4,2009-10,10000000,25,C,69,2229,0,473,149,237,208,493,701,127,39,175,131,222,2016,7,260,University of Utah
Andrew Bogut,2006,5,2010-11,11000000,26,C,65,2297,0,367,96,217,199,521,720,131,47,168,125,217,2016,7,260,University of Utah
Andrew Bogut,2006,6,2011-12,12000000,27,C,12,364,0,61,14,23,22,78,100,31,12,24,24,36,2016,7,260,University of Utah
Andrew Bogut,2006,7,2012-13,13000000,28,C,32,786,1,82,19,38,68,177,245,67,20,55,35,85,2016,7,260,University of Utah
Andrew Bogut,2006,8,2013-14,14000000,29,C,67,1769,0,375,64,0.344,489,671,112,47,121,97,210,492,2016,7,260,University of Utah
Andrew Bogut,2006,9,2014-15,12972973,30,C,67,1583,0,355,42,0.524,402,543,180,39,113,106,188,422,2016,7,260,University of Utah
Andrew Bogut,2006,10,2015-16,12000000,31,C,45,940,0,187,37,0.405,256,338,95,18,77,51,140,245,2016,7,260,University of Utah
Matt Bonner,2005,2,2006-07,2000000,26,PF,56,653,36,70,27,38,64,92,156,22,17,11,25,67,2016,6.1,235,University of Florida
Matt Bonner,2005,3,2007-08,2678000,27,PF,68,853,46,75,38,44,53,139,192,32,14,17,39,111,2016,6.1,235,University of Florida
Matt Bonner,2005,4,2008-09,2987000,28,PF,81,1928,118,148,17,23,97,289,386,82,47,26,37,190,2016,6.1,235,University of Florida
Matt Bonner,2005,5,2009-10,3240380,29,PF,65,1161,90,76,35,48,52,162,214,68,30,24,39,109,2016,6.1,235,University of Florida
Matt Bonner,2005,6,2010-11,3000000,30,PF,66,1432,105,67,32,43,60,179,239,60,26,21,27,110,2016,6.1,235,University of Florida
Matt Bonner,2005,7,2011-12,3315000,31,PF,65,1326,105,49,16,21,29,185,214,61,15,21,14,68,2016,6.1,235,University of Florida
Matt Bonner,2005,8,2012-13,3630000,32,PF,68,909,53,59,11,15,25,104,129,36,17,19,16,86,2016,6.1,235,University of Florida
Matt Bonner,2005,9,2013-14,3945000,33,PF,61,690,42,31,9,12,16,114,130,31,15,11,16,49,2016,6.1,235,University of Florida
Matt Bonner,2005,10,2014-15,1448490,34,PF,72,935,46,48,30,37,29,86,115,47,10,12,11,65,2016,6.1,235,University of Florida
Matt Bonner,2005,11,2015-16,1499187,35,C,20,114,9,8,3,4,3,15,18,6,5,0,2,7,2016,6.1,235,University of Florida
Chris Bosh,2004,3,2006-07,4235220,22,C,69,2658,12,531,463,590,186,555,741,175,39,90,179,163,2016,6.11,235,Georgia Institute of Technology
Chris Bosh,2004,4,2007-08,12455000,23,C,67,2425,10,497,472,559,174,409,583,171,63,67,153,157,2016,6.11,235,Georgia Institute of Technology
Chris Bosh,2004,5,2008-09,14410581,24,C,77,2928,12,603,504,617,215,556,771,191,67,77,174,189,2016,6.11,235,Georgia Institute of Technology
Chris Bosh,2004,6,2009-10,15779912,25,C,70,2526,8,592,470,590,205,554,759,166,43,68,169,170,2016,6.11,235,Georgia Institute of Technology
Chris Bosh,2004,7,2010-11,14500000,26,PF,77,2795,6,518,384,471,141,500,641,144,59,49,138,172,2016,6.11,235,Georgia Institute of Technology
Chris Bosh,2004,8,2011-12,16022500,27,PF,57,2007,10,383,229,279,94,358,452,103,51,45,117,128,2016,6.11,235,Georgia Institute of Technology
Chris Bosh,2004,9,2012-13,17545000,28,C,74,2454,21,464,241,302,131,370,501,123,66,101,128,168,2016,6.11,235,Georgia Institute of Technology
Chris Bosh,2004,10,2013-14,19067500,29,C,79,2531,74,418,223,272,98,424,522,87,80,78,125,192,2016,6.11,235,Georgia Institute of Technology
Chris Bosh,2004,11,2014-15,20644400,30,C,44,1556,63,280,179,232,46,264,310,95,41,25,95,69,2016,6.11,235,Georgia Institute of Technology
Chris Bosh,2004,12,2015-16,22192730,31,PF,53,1778,81,277,213,268,48,342,390,128,36,34,78,101,2016,6.11,235,Georgia Institute of Technology
Kobe Bryant,1997,10,2006-07,17718750,28,SG,77,3140,137,676,667,768,75,364,439,413,111,36,255,205,2016,6.6,212,
Kobe Bryant,1997,11,2007-08,19490625,29,SG,82,3192,150,625,623,742,94,423,517,441,151,40,257,227,2016,6.6,212,
Kobe Bryant,1997,12,2008-09,21262500,30,SG,82,2960,118,682,483,564,90,339,429,399,120,37,210,189,2016,6.6,212,
Kobe Bryant,1997,13,2009-10,23034375,31,SG,73,2835,99,617,439,541,78,313,391,365,113,20,233,187,2016,6.6,212,
Kobe Bryant,1997,14,2010-11,24806250,32,SG,82,2779,115,625,483,583,83,336,419,388,99,12,243,172,2016,6.6,212,
Kobe Bryant,1997,15,2011-12,25244493,33,SG,58,2232,87,487,381,451,66,247,313,264,69,18,204,105,2016,6.6,212,
Kobe Bryant,1997,16,2012-13,27849149,34,SG,78,3013,132,606,525,626,66,367,433,469,106,25,287,173,2016,6.6,212,
Kobe Bryant,1997,17,2013-14,30453805,35,SG,6,177,3,28,18,21,2,24,26,38,7,1,34,9,2016,6.6,212,
Kobe Bryant,1997,18,2014-15,23500000,36,SG,35,1207,54,212,196,241,26,173,199,197,47,7,128,65,2016,6.6,212,
Kobe Bryant,1997,19,2015-16,25000000,37,SF,45,1319,90,172,147,183,33,158,191,152,43,9,97,86,2016,6.6,212,
Caron Butler,2003,4,2006-07,7438000,26,SF,63,2474,18,433,283,328,147,320,467,233,134,17,181,188,2016,6.7,228,University of Connecticut
Caron Butler,2003,5,2007-08,8218990,27,SF,58,2314,66,373,236,262,93,295,388,284,128,20,150,160,2016,6.7,228,University of Connecticut
Caron Butler,2003,6,2008-09,9249980,28,SG,67,2585,65,426,345,402,118,296,414,290,106,20,210,165,2016,6.7,228,University of Connecticut
Caron Butler,2003,7,2009-10,9780970,29,SF-SG,74,2783,42,408,264,315,104,357,461,156,116,24,160,193,2016,6.7,228,University of Connecticut
Caron Butler,2003,8,2010-11,10561960,30,SF,29,867,28,142,68,88,22,96,118,46,28,8,49,59,2016,6.7,228,University of Connecticut
Caron Butler,2003,9,2011-12,8000000,31,SF,63,1871,92,195,87,107,44,186,230,78,52,9,77,123,2016,6.7,228,University of Connecticut
Caron Butler,2003,10,2012-13,8000000,32,SF,78,1879,128,177,75,90,41,182,223,78,51,11,72,139,2016,6.7,228,University of Connecticut
Caron Butler,2003,11,2013-14,8000000,33,SF,56,1419,98,115,63,75,21,208,229,82,47,17,60,120,2016,6.7,228,University of Connecticut
Caron Butler,2003,12,2014-15,4500000,34,SF,78,1623,83,78,55,61,21,175,196,79,43,4,49,120,2016,6.7,228,University of Connecticut
Caron Butler,2003,13,2015-16,1499187,35,SF,9,86,1,10,1,2,3,8,11,3,5,0,2,7,2016,6.7,228,University of Connecticut
Rasual Butler,2003,4,2006-07,3000000,27,SF,81,2223,134,180,56,87,42,214,256,63,40,54,67,148,2016,6.7,215,La Salle University
Rasual Butler,2003,5,2007-08,3315000,28,SF,51,875,44,47,26,31,16,84,100,36,15,21,10,66,2016,6.7,215,La Salle University
Rasual Butler,2003,6,2008-09,3630000,29,SF,82,2614,140,208,86,110,49,222,271,75,51,61,59,159,2016,6.7,215,La Salle University
Rasual Butler,2003,7,2009-10,3945000,30,SF,82,2702,145,211,122,145,39,201,240,116,36,68,79,121,2016,6.7,215,La Salle University
Rasual Butler,2003,8,2010-11,2400000,31,SG,47,770,46,33,18,27,10,67,77,27,8,15,24,37,2016,6.7,215,La Salle University
Rasual Butler,2003,9,2011-12,1229255,32,SF,34,453,21,20,7,12,6,60,66,19,7,5,15,39,2016,6.7,215,La Salle University
Rasual Butler,2003,12,2014-15,1448490,35,SF,75,1505,91,127,53,67,27,170,197,63,29,22,48,98,2016,6.7,215,La Salle University
Rasual Butler,2003,13,2015-16,1499187,36,SF,36,322,12,24,8,11,0,44,44,21,9,18,6,8,2016,6.7,215,La Salle University
Jose Calderon,2006,1,2006-07,2333334,25,PG,77,1614,25,238,117,143,21,113,134,387,63,5,110,136,2016,6.3,200,
Jose Calderon,2006,2,2007-08,2471604,26,PG,82,2484,79,288,109,120,34,202,236,678,87,6,126,134,2016,6.3,200,
Jose Calderon,2006,3,2008-09,7438018,27,PG,68,2333,82,238,151,154,16,178,194,607,74,7,143,114,2016,6.3,200,
Jose Calderon,2006,4,2009-10,8219009,28,PG,68,1817,68,206,83,104,23,119,142,404,47,7,99,135,2016,6.3,200,
Jose Calderon,2006,5,2010-11,9000000,29,PG,68,2102,57,205,88,103,30,172,202,605,81,7,148,143,2016,6.3,200,
Jose Calderon,2006,6,2011-12,9780992,30,PG,53,1799,59,159,60,68,19,141,160,468,47,3,104,94,2016,6.3,200,
Jose Calderon,2006,7,2012-13,11046591,31,PG,73,2160,130,182,72,80,20,156,176,518,58,8,126,99,2016,6.3,200,
Jose Calderon,2006,8,2013-14,6791570,32,PG,81,2468,191,150,52,63,29,163,192,377,69,11,103,136,2016,6.3,200,
Jose Calderon,2006,9,2014-15,7097191,33,PG,42,1270,59,88,29,32,19,105,124,198,31,0,75,76,2016,6.3,200,
Jose Calderon,2006,10,2015-16,7402812,34,PG,51,1410,59,87,29,33,17,141,158,208,49,5,60,89,2016,6.3,200,
Vince Carter,1999,8,2006-07,15101625,30,SG,82,3126,156,570,462,576,114,378,492,393,82,30,217,266,2016,6.6,220,University of North Carolina
Vince Carter,1999,9,2007-08,13320000,31,SG,76,2959,98,489,350,429,112,341,453,389,93,33,181,241,2016,6.6,220,University of North Carolina
Vince Carter,1999,10,2008-09,14724125,32,SG,80,2946,151,437,335,410,74,336,410,376,82,38,166,234,2016,6.6,220,University of North Carolina
Vince Carter,1999,11,2009-10,16300000,33,SG,75,2310,119,315,257,306,33,260,293,236,53,18,106,189,2016,6.6,220,University of North Carolina
Vince Carter,1999,12,2010-11,17300000,34,SG,73,2051,116,273,128,173,54,221,275,146,67,20,90,193,2016,6.6,220,University of North Carolina
Vince Carter,1999,13,2011-12,18300000,35,SG,61,1542,74,149,95,115,32,173,205,139,56,25,84,134,2016,6.6,220,University of North Carolina
Vince Carter,1999,14,2012-13,3090000,36,SF,81,2093,162,210,182,223,58,276,334,194,74,44,106,226,2016,6.6,220,University of North Carolina
Vince Carter,1999,15,2013-14,3180000,37,SG,81,1973,146,184,161,196,67,217,284,212,61,35,108,209,2016,6.6,220,University of North Carolina
Vince Carter,1999,16,2014-15,3911981,38,SG,66,1091,69,66,45,57,27,106,133,79,43,14,43,102,2016,6.6,220,University of North Carolina
Vince Carter,1999,17,2015-16,4088091,39,SG,35,467,20,31,23,27,11,50,61,24,14,9,16,49,2016,6.6,220,University of North Carolina
Tyson Chandler,2002,5,2006-07,9150000,24,C,73,2525,0,292,106,201,320,584,904,66,37,129,126,244,2016,7.1,240,
Tyson Chandler,2002,6,2007-08,10250000,25,C,79,2783,0,377,175,295,322,606,928,81,45,84,136,243,2016,7.1,240,
Tyson Chandler,2002,7,2008-09,11350000,26,C,45,1445,0,283,133,0.579,230,393,22,15,56,70,144,397,2016,7.1,240,
Tyson Chandler,2002,8,2009-10,11850000,27,C,51,1163,0,190,157,0.732,206,320,16,17,55,91,138,333,2016,7.1,240,
Tyson Chandler,2002,9,2010-11,12600000,28,C,74,2059,0,407,295,0.732,486,692,32,36,80,88,240,748,2016,7.1,240,
Tyson Chandler,2002,10,2011-12,13107837,29,C,62,2061,0,241,217,315,212,400,612,56,56,89,102,186,2016,7.1,240,
Tyson Chandler,2002,11,2012-13,13604188,30,C,66,2164,0,400,258,0.694,434,703,62,42,75,87,188,689,2016,7.1,240,
Tyson Chandler,2002,12,2013-14,14100538,31,C,55,1662,0,191,98,155,159,370,529,59,36,63,71,145,2016,7.1,240,
Tyson Chandler,2002,13,2014-15,14598888,32,C,75,2286,0,440,257,0.72,570,864,84,42,91,105,169,771,2016,7.1,240,
Tyson Chandler,2002,14,2015-16,13000000,33,C,45,1056,0,96,72,113,117,264,381,43,22,28,53,91,2016,7.1,240,
Nick Collison,2005,2,2006-07,2501070,26,C,82,2378,0,318,154,199,229,437,666,82,48,66,123,289,2016,6.1,255,University of Kansas
Nick Collison,2005,3,2007-08,5750000,27,PF,78,2223,0,322,123,167,254,476,730,113,47,60,118,250,2016,6.1,255,University of Kansas
Nick Collison,2005,4,2008-09,6350000,28,C,71,1831,0,243,98,136,181,308,489,66,51,50,73,239,2016,6.1,255,University of Kansas
Nick Collison,2005,5,2009-10,6250000,29,C,75,1557,1,181,74,107,152,232,384,38,37,48,63,230,2016,6.1,255,University of Kansas
Nick Collison,2005,6,2010-11,13250000,30,C,71,1524,0,242,73,0.753,197,316,69,42,31,55,210,329,2016,6.1,255,University of Kansas
Nick Collison,2005,7,2011-12,3272997,31,PF,63,1307,0,120,44,62,119,155,274,82,33,28,61,153,2016,6.1,255,University of Kansas
Nick Collison,2005,8,2012-13,2929332,32,C,81,1583,0,176,60,78,123,210,333,121,51,30,69,197,2016,6.1,255,University of Kansas
Nick Collison,2005,9,2013-14,2585668,33,PF,81,1353,4,130,66,93,116,177,293,104,30,28,71,187,2016,6.1,255,University of Kansas
Nick Collison,2005,10,2014-15,2242003,34,PF,66,1101,16,90,45,65,90,160,250,90,35,25,45,156,2016,6.1,255,University of Kansas
Nick Collison,2005,11,2015-16,3750000,35,PF,43,519,0,37,21,29,54,70,124,33,12,14,32,82,2016,6.1,255,University of Kansas
Jamal Crawford,2001,6,2006-07,7200000,26,SG,59,2198,103,251,228,272,44,145,189,259,57,8,162,114,2016,6.5,195,University of Michigan
Jamal Crawford,2001,7,2007-08,7920000,27,SG,80,3190,176,394,329,381,37,170,207,398,81,17,192,144,2016,6.5,195,University of Michigan
Jamal Crawford,2001,8,2008-09,8640000,28,PG-SG,65,2479,142,277,300,344,23,170,193,288,57,13,148,92,2016,6.5,195,University of Michigan
Jamal Crawford,2001,9,2009-10,9360000,29,SG,79,2460,163,333,270,315,34,167,201,238,61,12,137,132,2016,6.5,195,University of Michigan
Jamal Crawford,2001,10,2010-11,10800000,30,SG,76,2297,119,249,222,260,22,108,130,241,57,14,145,97,2016,6.5,195,University of Michigan
Jamal Crawford,2001,11,2011-12,5000000,31,PG,60,1613,80,203,191,206,16,102,118,191,55,14,111,74,2016,6.5,195,University of Michigan
Jamal Crawford,2001,12,2012-13,5000000,32,SG,76,2230,149,296,216,248,22,106,128,193,79,13,146,71,2016,6.5,195,University of Michigan
Jamal Crawford,2001,13,2013-14,5225000,33,SG,69,2094,161,260,279,322,34,124,158,223,59,12,135,120,2016,6.5,195,University of Michigan
Jamal Crawford,2001,14,2014-15,5450000,34,SG,64,1703,119,213,227,252,18,106,124,158,59,14,92,108,2016,6.5,195,University of Michigan
Jamal Crawford,2001,15,2015-16,5675000,35,SG,53,1399,66,177,165,180,11,81,92,115,29,8,72,82,2016,6.5,195,University of Michigan
Luol Deng,2005,2,2006-07,2614440,21,SF,82,3071,1,629,279,359,148,431,579,204,97,48,153,167,2016,6.9,220,Duke University
Luol Deng,2005,3,2007-08,3320339,22,SF,63,2128,8,421,204,265,136,258,394,155,57,29,120,117,2016,6.9,220,Duke University
Luol Deng,2005,4,2008-09,9385000,23,SF,49,1665,8,257,152,191,80,215,295,94,60,25,72,85,2016,6.9,220,Duke University
Luol Deng,2005,5,2009-10,10370425,24,SF,70,2651,32,441,252,330,131,381,512,143,66,61,134,129,2016,6.9,220,Duke University
Luol Deng,2005,6,2010-11,11345000,25,SF,82,3208,115,416,253,336,116,360,476,230,78,48,156,162,2016,6.9,220,Duke University
Luol Deng,2005,7,2011-12,12325000,26,SF,54,2129,79,232,127,165,77,273,350,157,56,36,96,81,2016,6.9,220,Duke University
Luol Deng,2005,8,2012-13,13305000,27,SF,75,2903,75,391,230,282,162,314,476,222,81,32,144,105,2016,6.9,220,Duke University
Luol Deng,2005,9,2013-14,14275000,28,SF,63,2213,57,314,212,268,99,262,361,183,62,9,114,111,2016,6.9,220,Duke University
Luol Deng,2005,10,2014-15,9714461,29,SF,72,2421,78,291,191,251,103,273,376,139,65,22,108,109,2016,6.9,220,Duke University
Luol Deng,2005,11,2015-16,10151612,30,SF,46,1438,57,118,79,101,47,168,215,69,41,16,43,72,2016,6.9,220,Duke University
Boris Diaw,2004,3,2006-07,1870501,24,PF,73,2268,15,291,82,120,91,226,317,352,28,38,154,177,2016,6.8,250,
Boris Diaw,2004,4,2007-08,9000000,25,PF,82,2308,13,295,96,129,97,281,378,317,61,39,155,166,2016,6.8,250,
Boris Diaw,2004,5,2008-09,9000000,26,PF,81,2754,75,373,101,147,118,314,432,333,61,53,215,202,2016,6.8,250,
Boris Diaw,2004,6,2009-10,9000000,27,PF,82,2906,66,307,113,147,131,293,424,325,60,57,178,219,2016,6.8,250,
Boris Diaw,2004,7,2010-11,9000000,28,PF,82,2778,78,303,84,123,105,309,414,337,74,46,166,190,2016,6.8,250,
Boris Diaw,2004,8,2011-12,9000000,29,PF,57,1424,31,125,22,35,70,210,280,205,34,25,112,125,2016,6.8,250,
Boris Diaw,2004,9,2012-13,4500000,30,PF,75,1709,30,149,47,65,66,188,254,180,52,27,84,143,2016,6.8,250,
Boris Diaw,2004,10,2013-14,4702500,31,PF,79,1974,45,257,68,92,74,252,326,222,44,32,121,140,2016,6.8,250,
Boris Diaw,2004,11,2014-15,7500000,32,PF,81,1984,54,237,72,93,78,270,348,233,36,23,126,148,2016,6.8,250,
Boris Diaw,2004,12,2015-16,7000000,33,PF,53,1004,21,123,42,58,44,130,174,131,20,13,63,75,2016,6.8,250,
Tim Duncan,1998,9,2006-07,17429672,30,C,80,2726,1,617,362,568,213,633,846,273,66,190,224,203,2016,6.11,250,Wake Forest University
Tim Duncan,1998,10,2007-08,19014188,31,C,78,2651,0,585,338,463,237,644,881,218,56,152,178,185,2016,6.11,250,Wake Forest University
Tim Duncan,1998,11,2008-09,20598704,32,C,75,2524,0,558,334,483,201,599,800,264,38,126,165,173,2016,6.11,250,Wake Forest University
Tim Duncan,1998,12,2009-10,22183220,33,C,78,2438,2,559,271,374,221,567,788,246,45,117,140,152,2016,6.11,250,Wake Forest University
Tim Duncan,1998,13,2010-11,18700000,34,C,76,2156,0,419,184,257,169,509,678,203,50,146,122,119,2016,6.11,250,Wake Forest University
Tim Duncan,1998,14,2011-12,21164619,35,C,58,1634,0,361,173,249,110,410,520,132,38,88,97,98,2016,6.11,250,Wake Forest University
Tim Duncan,1998,15,2012-13,9638554,36,C,69,2078,2,488,245,300,124,562,686,184,50,183,147,117,2016,6.11,250,Wake Forest University
Tim Duncan,1998,16,2013-14,10361446,37,C,74,2158,0,444,231,316,158,563,721,220,43,139,159,134,2016,6.11,250,Wake Forest University
Tim Duncan,1998,17,2014-15,10000000,38,PF,77,2227,2,417,230,311,170,534,704,230,63,151,131,165,2016,6.11,250,Wake Forest University
Tim Duncan,1998,18,2015-16,5000000,39,C,38,978,0,137,59,79,66,220,286,115,33,52,64,89,2016,6.11,250,Wake Forest University
Mike Dunleavy,2003,4,2006-07,7438016,26,SG-PF,82,2580,70,314,211,269,84,347,431,228,84,22,149,203,2016,6.9,230,Duke University
Mike Dunleavy,2003,5,2007-08,8219008,27,SG,82,2953,165,367,336,403,59,365,424,288,86,31,190,208,2016,6.9,230,Duke University
Mike Dunleavy,2003,6,2008-09,9000000,28,SG,18,495,32,61,53,65,14,54,68,44,12,9,38,36,2016,6.9,230,Duke University
Mike Dunleavy,2003,7,2009-10,9780992,29,SF,67,1486,75,154,133,158,25,211,236,103,38,15,72,105,2016,6.9,230,Duke University
Mike Dunleavy,2003,8,2010-11,10561984,30,SG,61,1683,102,138,100,125,28,248,276,105,40,30,69,107,2016,6.9,230,Duke University
Mike Dunleavy,2003,9,2011-12,3750000,31,SF,55,1445,83,156,116,143,29,175,204,117,28,8,58,87,2016,6.9,230,Duke University
Mike Dunleavy,2003,10,2012-13,3750000,32,SF,75,1943,128,148,105,128,31,260,291,145,39,35,90,135,2016,6.9,230,Duke University
Mike Dunleavy,2003,11,2013-14,3183000,33,SF,82,2584,123,210,140,164,46,299,345,186,64,46,108,163,2016,6.9,230,Duke University
Mike Dunleavy,2003,12,2014-15,3326235,34,SF,63,1838,107,102,70,87,28,220,248,114,39,21,60,123,2016,6.9,230,Duke University
Mike Dunleavy,2003,13,2015-16,4500000,35,SF,3,41,3,2,2,2,0,2,2,3,1,0,2,6,2016,6.9,230,Duke University
Monta Ellis,2006,1,2006-07,664209,21,SG,77,2638,39,441,273,358,62,181,243,319,132,21,221,210,2016,6.3,185,
Monta Ellis,2006,2,2007-08,770610,22,SG,81,3071,12,640,320,417,133,271,404,315,124,27,173,195,2016,6.3,185,
Monta Ellis,2006,3,2008-09,11000000,23,SG,25,892,8,186,78,94,14,94,108,93,39,8,67,67,2016,6.3,185,
Monta Ellis,2006,4,2009-10,11000000,24,SG,64,2647,77,554,292,388,47,210,257,340,143,25,244,189,2016,6.3,185,
Monta Ellis,2006,5,2010-11,11000000,25,SG,80,3227,137,589,340,431,44,237,281,450,168,23,252,203,2016,6.3,185,
Monta Ellis,2006,6,2011-12,11000000,26,SG,58,2120,62,388,219,275,20,180,200,346,85,18,177,136,2016,6.3,185,
Monta Ellis,2006,7,2012-13,11000000,27,SG,82,3076,94,503,289,374,45,271,316,496,169,36,254,164,2016,6.3,185,
Monta Ellis,2006,8,2013-14,8000000,28,PG,82,3023,69,507,339,430,38,257,295,471,141,23,264,197,2016,6.3,185,
Monta Ellis,2006,9,2014-15,8360000,29,SG,80,2699,81,521,228,303,34,156,190,329,148,25,198,197,2016,6.3,185,
Monta Ellis,2006,10,2015-16,10300000,30,SG,53,1787,52,242,96,126,22,138,160,257,97,26,147,109,2016,6.3,185,
Raymond Felton,2006,1,2006-07,3060840,22,PG,78,2832,103,290,204,256,51,216,267,545,118,10,230,180,2016,6.1,205,University of North Carolina
Raymond Felton,2006,2,2007-08,3274440,23,PG,79,2972,56,356,260,325,37,199,236,583,96,12,213,184,2016,6.1,205,University of North Carolina
Raymond Felton,2006,3,2008-09,4148716,24,PG,82,3086,59,383,219,272,54,256,310,553,126,30,228,191,2016,6.1,205,University of North Carolina
Raymond Felton,2006,4,2009-10,5501196,25,PG,80,2643,60,328,132,173,53,235,288,446,123,22,168,172,2016,6.1,205,University of North Carolina
Raymond Felton,2006,5,2010-11,7500000,26,PG-SG,75,2737,116,311,194,241,48,221,269,625,125,11,221,150,2016,6.1,205,University of North Carolina
Raymond Felton,2006,6,2011-12,7560000,27,PG,60,1906,62,199,100,124,27,122,149,390,78,10,170,122,2016,6.1,205,University of North Carolina
Raymond Felton,2006,7,2012-13,3480453,28,PG,68,2313,93,284,101,128,51,143,194,372,94,14,155,130,2016,6.1,205,University of North Carolina
Raymond Felton,2006,8,2013-14,3637073,29,PG,65,2017,62,178,88,122,54,143,197,365,78,27,129,157,2016,6.1,205,University of North Carolina
Raymond Felton,2006,9,2014-15,3793693,30,PG,29,281,10,33,12,15,2,24,26,41,11,4,18,17,2016,6.1,205,University of North Carolina
Raymond Felton,2006,10,2015-16,3950313,31,PG,54,1461,48,140,97,115,21,155,176,184,46,7,77,89,2016,6.1,205,University of North Carolina
Channing Frye,2006,1,2006-07,2325000,23,PF,72,1896,3,295,85,108,91,304,395,67,36,42,100,216,2016,6.11,255,University of Arizona
Channing Frye,2006,2,2007-08,2487240,24,C,78,1342,3,218,85,109,107,247,354,57,29,27,55,208,2016,6.11,255,University of Arizona
Channing Frye,2006,3,2008-09,3163769,25,PF,63,746,11,102,26,36,41,99,140,24,17,16,29,106,2016,6.11,255,University of Arizona
Channing Frye,2006,4,2009-10,2000000,26,C,81,2190,172,145,98,121,66,361,427,113,64,74,73,263,2016,6.11,255,University of Arizona
Channing Frye,2006,5,2010-11,5200000,27,PF,77,2541,171,187,89,107,65,448,513,96,46,79,73,272,2016,6.11,255,University of Arizona
Channing Frye,2006,6,2011-12,5600000,28,PF,64,1669,91,164,73,82,71,308,379,88,42,70,63,176,2016,6.11,255,University of Arizona
Channing Frye,2006,8,2013-14,6400000,30,PF,82,2312,160,176,78,95,73,343,416,98,60,63,89,245,2016,6.11,255,University of Arizona
Channing Frye,2006,9,2014-15,8175476,31,PF,75,1870,136,55,31,35,27,266,293,94,47,39,78,191,2016,6.11,255,University of Arizona
Channing Frye,2006,10,2015-16,7807579,32,C,44,754,48,33,19,21,23,118,141,45,21,20,30,71,2016,6.11,255,University of Arizona
Kevin Garnett,1996,11,2006-07,21000000,30,PF,76,2995,12,626,416,498,183,792,975,313,89,126,205,184,2016,6.11,240,
Kevin Garnett,1996,12,2007-08,23750000,31,PF,71,2328,0,534,269,336,135,520,655,244,100,89,138,163,2016,6.11,240,
Kevin Garnett,1996,13,2008-09,24751934,32,PF,57,1772,2,391,111,132,78,407,485,144,63,68,90,128,2016,6.11,240,
Kevin Garnett,1996,14,2009-10,16400000,33,PF,69,2060,1,401,185,221,78,428,506,185,68,57,101,170,2016,6.11,240,
Kevin Garnett,1996,15,2010-11,18800000,34,PF,71,2220,1,433,187,217,83,548,631,171,95,57,115,148,2016,6.11,240,
Kevin Garnett,1996,16,2011-12,21247044,35,C,60,1864,3,388,162,189,66,428,494,175,56,61,107,141,2016,6.11,240,
Kevin Garnett,1996,17,2012-13,11566265,36,C,68,2022,2,420,158,201,75,455,530,159,78,62,110,154,2016,6.11,240,
Kevin Garnett,1996,18,2013-14,12443735,37,C,54,1109,0,157,38,47,60,298,358,82,43,40,69,123,2016,6.11,240,
Kevin Garnett,1996,19,2014-15,12000000,38,PF,47,952,1,142,36,45,48,263,311,77,46,17,46,109,2016,6.11,240,
Kevin Garnett,1996,20,2015-16,8500000,39,PF,38,556,0,54,14,21,15,135,150,62,28,10,16,70,2016,6.11,240,
Pau Gasol,2002,5,2006-07,12364000,26,C,59,2133,3,459,299,400,149,432,581,201,29,126,162,137,2016,7,250,
Pau Gasol,2002,6,2007-08,13735000,27,C,66,2351,4,471,292,362,155,398,553,211,30,98,124,139,2016,7,250,
Pau Gasol,2002,7,2008-09,15106000,28,C,81,2999,1,591,343,439,262,518,780,284,52,81,157,172,2016,7,250,
Pau Gasol,2002,8,2009-10,16452000,29,C,65,2403,0,452,286,362,243,491,734,218,37,113,143,152,2016,7,250,
Pau Gasol,2002,9,2010-11,17823000,30,C,82,3037,1,592,354,430,268,568,836,273,48,130,142,203,2016,7,250,
Pau Gasol,2002,10,2011-12,18714150,31,PF,65,2430,7,452,204,261,183,495,678,237,37,88,142,127,2016,7,250,
Pau Gasol,2002,11,2012-13,19000000,32,PF,49,1655,8,262,125,178,111,310,421,200,24,61,104,93,2016,7,250,
Pau Gasol,2002,12,2013-14,19285850,33,C,60,1884,4,421,187,254,124,456,580,201,27,92,141,124,2016,7,250,
Pau Gasol,2002,13,2014-15,7128000,34,PF,78,2681,12,558,294,366,220,699,919,210,25,147,158,147,2016,7,250,
Pau Gasol,2002,14,2015-16,7448760,35,C,49,1563,16,316,154,191,110,423,533,165,30,97,102,98,2016,7,250,
Manu Ginobili,2003,4,2006-07,8254375,29,SG,75,2060,128,268,320,372,59,268,327,263,109,27,157,155,2016,6.6,205,
Manu Ginobili,2003,5,2007-08,9079811,30,SG,74,2299,156,297,380,442,63,291,354,332,109,33,200,173,2016,6.6,205,
Manu Ginobili,2003,6,2008-09,9905248,31,SG,44,1181,69,154,168,190,24,174,198,157,64,16,88,90,2016,6.6,205,
Manu Ginobili,2003,7,2009-10,10728130,32,SG,75,2150,132,266,309,355,68,216,284,370,103,24,154,154,2016,6.6,205,
Manu Ginobili,2003,8,2010-11,11854584,33,SG,80,2426,154,287,357,410,42,253,295,393,123,28,174,163,2016,6.6,205,
Manu Ginobili,2003,9,2011-12,12981038,34,SG,34,792,52,98,88,101,18,98,116,151,24,12,64,56,2016,6.6,205,
Manu Ginobili,2003,10,2012-13,14107492,35,SG,60,1393,83,146,164,206,30,171,201,274,80,13,132,114,2016,6.6,205,
Manu Ginobili,2003,11,2013-14,7500000,36,SG,68,1550,90,204,160,188,30,172,202,293,70,17,139,128,2016,6.6,205,
Manu Ginobili,2003,12,2014-15,7000000,37,SG,70,1587,89,162,147,204,28,183,211,293,67,20,154,138,2016,6.6,205,
Manu Ginobili,2003,13,2015-16,2814000,38,SG,43,846,51,102,73,92,22,105,127,142,48,8,73,68,2016,6.6,205,
Drew Gooden,2003,4,2006-07,6645402,25,PF,80,2238,1,370,142,199,263,418,681,88,70,28,115,210,2016,6.1,250,University of Kansas
Drew Gooden,2003,5,2007-08,6453416,26,PF,69,2122,0,332,162,215,175,415,590,81,48,53,122,203,2016,6.1,250,University of Kansas
Drew Gooden,2003,6,2008-09,7151183,27,PF,51,1264,0,237,131,156,113,249,362,48,30,18,76,144,2016,6.1,250,University of Kansas
Drew Gooden,2003,7,2009-10,4500000,28,C-PF,70,1755,1,287,186,216,207,335,542,47,41,58,108,194,2016,6.1,250,University of Kansas
Drew Gooden,2003,8,2010-11,5760000,29,PF,35,860,3,153,81,102,73,165,238,47,21,18,46,98,2016,6.1,250,University of Kansas
Drew Gooden,2003,9,2011-12,6226200,30,C,56,1469,16,271,176,208,130,233,363,144,46,34,109,112,2016,6.1,250,University of Kansas
Drew Gooden,2003,10,2012-13,6687400,31,C,16,151,1,19,11,16,13,18,31,6,5,6,9,21,2016,6.1,250,University of Kansas
Drew Gooden,2003,12,2014-15,6680000,33,PF,51,864,23,87,34,44,72,151,223,49,21,9,28,91,2016,6.1,250,University of Kansas
Drew Gooden,2003,13,2015-16,3300000,34,PF,21,270,7,21,7,10,26,49,75,13,7,9,12,32,2016,6.1,250,University of Kansas
Gerald Green,2006,1,2006-07,1347000,21,SF,81,1780,95,215,128,159,68,140,208,83,41,24,120,198,2016,6.7,205,
Gerald Green,2006,2,2007-08,1440960,22,SF,30,362,15,37,34,41,13,51,64,29,8,4,32,45,2016,6.7,205,
Gerald Green,2006,3,2008-09,854957,23,SG,38,376,14,65,27,32,14,40,54,15,10,5,33,51,2016,6.7,205,
Gerald Green,2006,6,2011-12,443181,26,SF,31,781,43,111,49,65,15,93,108,34,28,17,55,80,2016,6.7,205,
Gerald Green,2006,7,2012-13,3500000,27,SF,60,1080,59,96,52,65,31,110,141,50,19,23,53,64,2016,6.7,205,
Gerald Green,2006,8,2013-14,3500000,28,SG,82,2330,204,244,195,230,48,227,275,122,70,42,145,220,2016,6.7,205,
Gerald Green,2006,9,2014-15,3500000,29,SG,74,1446,137,187,99,120,33,153,186,91,42,12,104,145,2016,6.7,205,
Gerald Green,2006,10,2015-16,1356000,30,SG,47,1211,65,112,58,75,18,110,128,45,26,16,40,95,2016,6.7,205,
Devin Harris,2005,2,2006-07,3153120,23,PG,80,2081,14,278,215,261,45,151,196,296,96,21,146,242,2016,6.3,192,University of Wisconsin
Devin Harris,2005,3,2007-08,3995003,24,PG,64,2022,56,265,248,301,28,145,173,369,90,10,161,190,2016,6.3,192,University of Wisconsin
Devin Harris,2005,4,2008-09,7800000,25,PG,69,2494,64,391,496,605,30,201,231,476,114,13,212,164,2016,6.3,192,University of Wisconsin
Devin Harris,2005,5,2009-10,8400000,26,PG,64,2221,60,296,308,386,24,179,203,423,79,18,181,178,2016,6.3,192,University of Wisconsin
Devin Harris,2005,6,2010-11,8981000,27,PG,71,2254,58,285,335,402,17,152,169,503,70,7,207,163,2016,6.3,192,University of Wisconsin
Devin Harris,2005,7,2011-12,9319000,28,PG,63,1741,77,164,156,209,12,100,112,316,64,13,122,136,2016,6.3,192,University of Wisconsin
Devin Harris,2005,8,2012-13,8500000,29,SG,58,1421,77,117,112,154,6,110,116,197,64,13,88,103,2016,6.3,192,University of Wisconsin
Devin Harris,2005,9,2013-14,1272279,30,PG,40,818,31,65,92,115,8,77,85,178,28,2,59,72,2016,6.3,192,University of Wisconsin
Devin Harris,2005,10,2014-15,3878000,31,PG,76,1685,95,124,132,162,13,122,135,237,78,14,85,147,2016,6.3,192,University of Wisconsin
Devin Harris,2005,11,2015-16,4053000,32,PG,40,784,28,76,60,88,13,71,84,83,38,8,38,80,2016,6.3,192,University of Wisconsin
Udonis Haslem,2004,3,2006-07,5525000,26,PF,79,2483,0,353,138,203,188,466,654,97,49,26,110,236,2016,6.8,235,University of Florida
Udonis Haslem,2004,4,2007-08,6050000,27,PF,49,1805,0,507,142,0.81,336,443,68,39,18,67,145,589,2016,6.8,235,University of Florida
Udonis Haslem,2004,5,2008-09,6575000,28,PF,75,2560,0,643,170,0.753,449,618,85,43,25,82,204,794,2016,6.8,235,University of Florida
Udonis Haslem,2004,6,2009-10,7100000,29,PF,78,2177,0,632,193,0.762,462,629,52,30,23,75,174,771,2016,6.8,235,University of Florida
Udonis Haslem,2004,7,2010-11,3500000,30,PF,13,345,0,86,20,0.8,77,106,6,7,3,14,39,104,2016,6.8,235,University of Florida
Udonis Haslem,2004,8,2011-12,3780000,31,PF,64,1589,0,357,102,0.814,353,470,42,35,24,60,142,385,2016,6.8,235,University of Florida
Udonis Haslem,2004,9,2012-13,4060000,32,PF,75,1414,0,251,45,0.711,307,404,38,30,15,45,173,290,2016,6.8,235,University of Florida
Udonis Haslem,2004,10,2013-14,4340000,33,PF,46,653,0,146,44,0.568,133,175,13,11,15,24,79,173,2016,6.8,235,University of Florida
Udonis Haslem,2004,11,2014-15,2732000,34,PF,62,995,2,105,45,64,71,187,258,46,21,13,41,113,2016,6.8,235,University of Florida
Udonis Haslem,2004,12,2015-16,2854940,35,PF,25,201,1,14,8,9,8,47,55,13,4,2,5,17,2016,6.8,235,University of Florida
Chuck Hayes,2006,1,2006-07,664209,23,PF,78,1714,0,335,89,0.618,317,521,47,70,18,64,281,439,2016,6.6,240,University of Kentucky
Chuck Hayes,2006,2,2007-08,1750000,24,PF,79,1575,0,113,11,24,132,295,427,91,85,43,62,212,2016,6.6,240,University of Kentucky
Chuck Hayes,2006,3,2008-09,1768000,25,C,71,858,0,42,7,19,74,176,250,42,34,19,25,134,2016,6.6,240,University of Kentucky
Chuck Hayes,2006,4,2009-10,2111750,26,C,82,1773,0,329,66,0.545,314,465,139,73,43,74,219,358,2016,6.6,240,University of Kentucky
Chuck Hayes,2006,5,2010-11,1972500,27,C,74,2079,0,244,94,142,219,380,599,202,79,49,86,200,2016,6.6,240,University of Kentucky
Chuck Hayes,2006,6,2011-12,5250000,28,C,54,1039,0,73,26,39,72,162,234,77,36,17,50,111,2016,6.6,240,University of Kentucky
Chuck Hayes,2006,7,2012-13,5486250,29,C,74,1209,0,84,30,48,113,186,299,112,31,18,44,114,2016,6.6,240,University of Kentucky
Chuck Hayes,2006,8,2013-14,5722500,30,C,61,754,0,56,20,25,69,141,210,35,34,12,33,95,2016,6.6,240,University of Kentucky
Chuck Hayes,2006,9,2014-15,5958750,31,C,29,255,0,46,11,0.545,33,51,20,10,4,8,37,50,2016,6.6,240,University of Kentucky
Chuck Hayes,2006,10,2015-16,83583,32,C,2,24,0,2,2,1,8,8,2,0,0,3,6,4,2016,6.6,240,University of Kentucky
Kirk Hinrich,2004,3,2006-07,3192628,26,PG,80,2839,140,335,237,284,32,242,274,500,100,23,191,274,2016,6.4,190,University of Kansas
Kirk Hinrich,2004,4,2007-08,11250000,27,PG,75,2380,84,246,118,142,28,216,244,452,87,19,157,224,2016,6.4,190,University of Kansas
Kirk Hinrich,2004,5,2008-09,10000000,28,SG,51,1339,69,114,68,86,16,107,123,197,66,19,87,126,2016,6.4,190,University of Kansas
Kirk Hinrich,2004,6,2009-10,9500000,29,SG,74,2481,104,204,85,113,24,236,260,330,85,24,113,204,2016,6.4,190,University of Kansas
Kirk Hinrich,2004,7,2010-11,9000000,30,SG-PG,72,2157,75,203,106,126,21,161,182,288,75,17,121,185,2016,6.4,190,University of Kansas
Kirk Hinrich,2004,8,2011-12,8100000,31,SG,48,1237,47,75,25,32,11,90,101,132,38,11,58,100,2016,6.4,190,University of Kansas
Kirk Hinrich,2004,9,2012-13,3941000,32,PG,60,1764,71,88,70,98,16,142,158,314,63,25,99,192,2016,6.4,190,University of Kansas
Kirk Hinrich,2004,10,2013-14,4059000,33,PG,73,2116,85,158,95,125,31,161,192,286,80,26,120,203,2016,6.4,190,University of Kansas
Kirk Hinrich,2004,11,2014-15,2730000,34,SG,66,1610,58,84,35,50,20,101,121,148,46,14,73,144,2016,6.4,190,University of Kansas
Kirk Hinrich,2004,12,2015-16,2870000,35,SG,35,555,23,24,15,16,7,51,58,59,13,1,27,63,2016,6.4,190,University of Kansas
Dwight Howard,2005,2,2006-07,4806720,21,C,82,3023,1,525,390,666,283,725,1008,158,70,156,317,245,2016,6.11,265,
Dwight Howard,2005,3,2007-08,6061274,22,C,82,3088,0,583,529,897,279,882,1161,110,74,176,263,274,2016,6.11,265,
Dwight Howard,2005,4,2008-09,13758000,23,C,79,2821,0,560,504,849,336,757,1093,112,77,231,240,270,2016,6.11,265,
Dwight Howard,2005,5,2009-10,15202590,24,C,82,2843,0,510,483,816,284,798,1082,144,75,228,274,287,2016,6.11,265,
Dwight Howard,2005,6,2010-11,16647180,25,C,78,2935,0,619,546,916,309,789,1098,107,107,186,279,258,2016,6.11,265,
Dwight Howard,2005,7,2011-12,18091770,26,C,54,2070,0,416,281,572,200,585,785,104,81,116,175,159,2016,6.11,265,
Dwight Howard,2005,8,2012-13,19536360,27,C,76,2722,1,469,355,721,251,694,945,108,84,186,225,291,2016,6.11,265,
Dwight Howard,2005,9,2013-14,20513178,28,C,71,2396,2,471,349,638,231,635,866,131,60,128,229,240,2016,6.11,265,
Dwight Howard,2005,10,2014-15,21436271,29,C,41,1223,1,250,143,271,110,321,431,50,28,53,115,137,2016,6.11,265,
Dwight Howard,2005,11,2015-16,22359364,30,C,44,1420,0,237,167,314,157,371,528,65,45,65,108,135,2016,6.11,265,
Kris Humphries,2005,2,2006-07,1703520,21,PF,60,670,0,185,79,0.671,109,187,18,14,21,32,98,227,2016,6.9,235,University of Minnesota
Kris Humphries,2005,3,2007-08,2522913,22,PF,70,925,0,161,75,124,90,169,259,28,25,28,47,107,2016,6.9,235,University of Minnesota
Kris Humphries,2005,4,2008-09,3200000,23,SF,29,265,0,90,48,0.792,46,70,10,8,6,8,31,114,2016,6.9,235,University of Minnesota
Kris Humphries,2005,5,2009-10,3200000,24,PF,69,1221,0,180,127,190,120,258,378,32,36,48,66,145,2016,6.9,235,University of Minnesota
Kris Humphries,2005,6,2010-11,3200000,25,PF,74,2061,0,307,127,191,225,546,771,84,33,80,103,168,2016,6.9,235,University of Minnesota
Kris Humphries,2005,7,2011-12,8000000,26,PF,62,2162,0,671,278,0.752,448,681,90,50,74,119,173,855,2016,6.9,235,University of Minnesota
Kris Humphries,2005,8,2012-13,12000000,27,PF,65,1191,0,139,97,123,126,239,365,32,16,33,57,127,2016,6.9,235,University of Minnesota
Kris Humphries,2005,9,2013-14,12000000,28,PF,69,1376,0,231,117,144,127,282,409,67,31,61,64,136,2016,6.9,235,University of Minnesota
Kris Humphries,2005,10,2014-15,4300000,29,PF,64,1345,0,211,87,117,118,298,416,57,34,25,46,130,2016,6.9,235,University of Minnesota
Kris Humphries,2005,11,2015-16,4600000,30,PF,28,466,23,41,29,31,26,89,115,16,3,14,20,42,2016,6.9,235,University of Minnesota
Andre Iguodala,2005,2,2006-07,2201640,23,SG,76,3062,48,395,452,551,77,357,434,432,152,33,261,200,2016,6.6,207,University of Arizona
Andre Iguodala,2005,3,2007-08,2804889,24,SF,82,3242,101,481,365,506,85,361,446,391,171,49,214,187,2016,6.6,207,University of Arizona
Andre Iguodala,2005,4,2008-09,11300000,25,SF,82,3269,80,462,377,521,92,379,471,434,131,36,222,152,2016,6.6,207,University of Arizona
Andre Iguodala,2005,5,2009-10,12200000,26,SF,82,3193,94,402,315,430,82,447,529,472,141,55,218,145,2016,6.6,207,University of Arizona
Andre Iguodala,2005,6,2010-11,12345250,27,SF,67,2469,61,277,208,300,61,326,387,422,101,38,138,109,2016,6.6,207,University of Arizona
Andre Iguodala,2005,7,2011-12,13531750,28,SF,62,2209,76,211,121,196,56,325,381,339,107,30,115,92,2016,6.6,207,University of Arizona
Andre Iguodala,2005,8,2012-13,14968250,29,SG,80,2779,91,305,155,270,82,341,423,433,139,52,206,127,2016,6.6,207,University of Arizona
Andre Iguodala,2005,9,2013-14,12868632,30,SF,63,2040,62,158,86,132,53,240,293,263,95,18,100,103,2016,6.6,207,University of Arizona
Andre Iguodala,2005,10,2014-15,12289544,31,SG,77,2069,74,157,68,114,44,213,257,228,89,25,88,100,2016,6.6,207,University of Arizona
Andre Iguodala,2005,11,2015-16,11710456,32,SG,51,1393,48,98,44,69,46,172,218,179,60,17,63,82,2016,6.6,207,University of Arizona
Jarrett Jack,2006,1,2006-07,1137960,23,PG,79,2651,63,257,243,279,18,190,208,417,86,9,187,202,2016,6.3,200,Georgia Institute of Technology
Jarrett Jack,2006,2,2007-08,1217400,24,SG,82,2229,65,202,215,248,31,203,234,313,61,1,178,129,2016,6.3,200,Georgia Institute of Technology
Jarrett Jack,2006,3,2008-09,2002623,25,SG,82,2716,78,308,224,263,44,232,276,338,88,17,184,179,2016,6.3,200,Georgia Institute of Technology
Jarrett Jack,2006,4,2009-10,4500000,26,PG,82,2243,82,241,203,241,30,192,222,413,60,6,163,151,2016,6.3,200,Georgia Institute of Technology
Jarrett Jack,2006,5,2010-11,4600000,27,SG-PG,83,1722,33,227,182,214,20,153,173,242,54,6,110,102,2016,6.3,200,Georgia Institute of Technology
Jarrett Jack,2006,6,2011-12,5000000,28,PG,45,1530,39,227,129,148,23,153,176,285,31,9,106,93,2016,6.3,200,Georgia Institute of Technology
Jarrett Jack,2006,7,2012-13,5400000,29,SG,79,2349,82,305,167,198,21,222,243,439,60,11,157,134,2016,6.3,200,Georgia Institute of Technology
Jarrett Jack,2006,8,2013-14,6300000,30,PG,80,2252,63,223,125,149,22,201,223,324,56,22,133,133,2016,6.3,200,Georgia Institute of Technology
Jarrett Jack,2006,9,2014-15,6300000,31,PG,80,2241,39,320,200,227,19,226,245,373,75,13,191,143,2016,6.3,200,Georgia Institute of Technology
Jarrett Jack,2006,10,2015-16,6300000,32,PG,32,1027,31,109,100,112,9,127,136,236,34,7,94,77,2016,6.3,200,Georgia Institute of Technology
LeBron James,2004,3,2006-07,5828090,22,SF,78,3190,99,673,489,701,83,443,526,470,125,55,250,171,2016,6.8,250,
LeBron James,2004,4,2007-08,13041250,23,SF,75,3027,113,681,549,771,133,459,592,539,138,81,255,165,2016,6.8,250,
LeBron James,2004,5,2008-09,14410581,24,SF,81,3054,132,657,594,762,106,507,613,587,137,93,241,139,2016,6.8,250,
LeBron James,2004,6,2009-10,15779912,25,SF,76,2966,129,639,593,773,71,483,554,651,125,77,261,119,2016,6.8,250,
LeBron James,2004,7,2010-11,14500000,26,SF,79,3063,92,666,503,663,80,510,590,554,124,50,284,163,2016,6.8,250,
LeBron James,2004,8,2011-12,16022500,27,SF,62,2326,54,567,387,502,94,398,492,387,115,50,213,96,2016,6.8,250,
LeBron James,2004,9,2012-13,17545000,28,PF,76,2877,103,662,403,535,97,513,610,551,129,67,226,110,2016,6.8,250,
LeBron James,2004,10,2013-14,19067500,29,PF,77,2902,116,651,439,585,81,452,533,488,121,26,270,126,2016,6.8,250,
LeBron James,2004,11,2014-15,20644400,30,SF,69,2493,120,504,375,528,51,365,416,511,109,49,272,135,2016,6.8,250,
LeBron James,2004,12,2015-16,22971000,31,SF,51,1830,54,430,253,353,60,304,364,333,70,36,157,97,2016,6.8,250,
Al Jefferson,2005,2,2006-07,1618320,22,C,69,2319,0,453,201,295,237,519,756,88,48,106,136,232,2016,6.1,289,
Al Jefferson,2005,3,2007-08,2480885,23,C,82,2919,0,721,284,394,308,603,911,117,74,119,167,222,2016,6.1,289,
Al Jefferson,2005,4,2008-09,11000000,24,C,50,1836,0,485,186,252,172,376,548,79,39,83,92,141,2016,6.1,289,
Al Jefferson,2005,5,2009-10,12000000,25,C,76,2463,0,560,181,266,180,523,703,137,63,98,136,205,2016,6.1,289,
Al Jefferson,2005,6,2010-11,13000000,26,C,82,2940,0,1319,289,0.761,559,794,149,46,153,105,238,1528,2016,6.1,289,
Al Jefferson,2005,7,2011-12,14000000,27,C,61,2075,1,515,137,177,133,452,585,134,47,101,62,155,2016,6.1,289,
Al Jefferson,2005,8,2012-13,15000000,28,C,78,2578,2,609,167,217,156,564,720,164,80,89,105,170,2016,6.1,289,
Al Jefferson,2005,9,2013-14,13500000,29,C,73,2553,3,697,191,277,156,636,792,155,67,79,124,176,2016,6.1,289,
Al Jefferson,2005,10,2014-15,13666667,30,C,65,1992,2,484,108,165,99,449,548,113,47,84,68,139,2016,6.1,289,
Al Jefferson,2005,11,2015-16,13833333,31,C,19,478,0,222,42,0.571,93,116,30,14,20,14,46,238,2016,6.1,289,
Richard Jefferson,2002,5,2006-07,11200000,26,SF,55,1956,52,251,239,326,48,192,240,148,34,8,120,123,2016,6.7,233,University of Arizona
Richard Jefferson,2002,6,2007-08,12200000,27,SF,82,3200,77,542,542,679,93,249,342,252,76,21,199,225,2016,6.7,233,University of Arizona
Richard Jefferson,2002,7,2008-09,13200000,28,SF,82,2939,116,421,417,518,57,317,374,199,66,14,165,252,2016,6.7,233,University of Arizona
Richard Jefferson,2002,8,2009-10,14200000,29,SF,81,2520,59,303,211,287,58,298,356,158,45,40,105,178,2016,6.7,233,University of Arizona
Richard Jefferson,2002,9,2010-11,8400000,30,SF,81,2459,135,169,148,195,54,256,310,107,38,34,93,164,2016,6.7,233,University of Arizona
Richard Jefferson,2002,10,2011-12,9282000,31,SF,63,1748,113,90,59,85,26,193,219,88,37,19,50,121,2016,6.7,233,University of Arizona
Richard Jefferson,2002,11,2012-13,10164000,32,SF,56,568,14,48,38,53,5,79,84,31,14,7,23,45,2016,6.7,233,University of Arizona
Richard Jefferson,2002,12,2013-14,11046000,33,SF,82,2213,123,171,120,162,18,201,219,130,56,14,94,168,2016,6.7,233,University of Arizona
Richard Jefferson,2002,13,2014-15,1448490,34,SF,74,1244,66,78,78,114,25,158,183,61,32,11,52,115,2016,6.7,233,University of Arizona
Richard Jefferson,2002,14,2015-16,1499000,35,SF,48,888,45,50,34,58,10,62,72,41,21,12,28,90,2016,6.7,233,University of Arizona
Amir Johnson,2006,1,2006-07,664209,19,PF,8,124,0,18,11,14,15,22,37,3,5,13,9,19,2016,6.9,240,
Amir Johnson,2006,2,2007-08,3666666,20,PF,62,764,0,165,55,0.673,148,235,29,24,82,39,141,221,2016,6.9,240,
Amir Johnson,2006,3,2008-09,3666667,21,PF,62,911,0,163,35,0.657,130,232,20,20,60,33,171,217,2016,6.9,240,
Amir Johnson,2006,4,2009-10,3666666,22,PF,82,1453,0,208,95,149,154,241,395,48,44,66,63,255,2016,6.9,240,
Amir Johnson,2006,5,2010-11,5000000,23,PF,72,1853,0,281,126,160,189,272,461,81,53,88,69,263,2016,6.9,240,
Amir Johnson,2006,6,2011-12,5500000,24,PF,64,1553,2,194,58,84,149,259,408,79,33,69,94,209,2016,6.9,240,
Amir Johnson,2006,7,2012-13,6000000,25,PF,81,2325,5,331,136,187,227,384,611,122,81,110,117,301,2016,6.9,240,
Amir Johnson,2006,8,2013-14,6500000,26,PF,77,2214,20,324,91,143,172,333,505,115,56,88,123,271,2016,6.9,240,
Amir Johnson,2006,9,2014-15,7000000,27,PF,75,1979,19,279,79,129,159,297,456,117,44,59,110,225,2016,6.9,240,
Amir Johnson,2006,10,2015-16,12000000,28,PF,52,1210,9,160,44,78,118,210,328,92,36,55,62,143,2016,6.9,240,
Joe Johnson,2002,5,2006-07,12744189,25,SG,57,2359,119,417,235,314,53,186,239,249,60,11,176,115,2016,6.7,240,University of Arkansas
Joe Johnson,2002,6,2007-08,13488377,26,SG,82,3343,169,478,316,379,83,284,367,474,84,18,223,168,2016,6.7,240,University of Arkansas
Joe Johnson,2002,7,2008-09,14232567,27,SG,79,3124,149,471,299,362,65,281,346,455,84,19,195,176,2016,6.7,240,University of Arkansas
Joe Johnson,2002,8,2009-10,14976754,28,SG,76,2886,129,506,220,269,74,279,353,369,82,5,145,145,2016,6.7,240,University of Arkansas
Joe Johnson,2002,9,2010-11,16324500,29,SG,72,2554,89,425,195,243,59,232,291,338,47,7,146,131,2016,6.7,240,University of Arkansas
Joe Johnson,2002,10,2011-12,18038573,30,SG,60,2127,125,298,158,186,53,168,221,232,48,13,116,75,2016,6.7,240,University of Arkansas
Joe Johnson,2002,11,2012-13,19752645,31,SG,72,2642,148,297,132,161,53,165,218,253,49,14,123,99,2016,6.7,240,University of Arkansas
Joe Johnson,2002,12,2013-14,21466718,32,SG,79,2575,162,300,159,195,48,222,270,216,47,10,120,129,2016,6.7,240,University of Arkansas
Joe Johnson,2002,13,2014-15,23180790,33,SG,80,2791,121,325,141,176,53,331,384,292,59,14,137,120,2016,6.7,240,University of Arkansas
Joe Johnson,2002,14,2015-16,24894863,34,SF,54,1829,82,150,77,91,33,174,207,219,38,2,107,94,2016,6.7,240,University of Arkansas
James Jones,2004,3,2006-07,2650000,26,SF,76,1376,90,72,71,81,33,143,176,45,28,42,28,115,2016,6.8,218,University of Miami
James Jones,2004,4,2007-08,2900000,27,SF,58,1276,91,52,86,98,43,118,161,34,24,15,28,96,2016,6.8,218,University of Miami
James Jones,2004,5,2008-09,4010000,28,SF,40,630,33,22,26,31,12,50,62,20,12,14,12,58,2016,6.8,218,University of Miami
James Jones,2004,6,2009-10,4320000,29,SF,36,503,37,6,23,28,4,41,45,17,11,4,11,45,2016,6.8,218,University of Miami
James Jones,2004,7,2010-11,1069509,30,SF,81,1549,123,23,60,72,23,137,160,43,29,19,21,129,2016,6.8,218,University of Miami
James Jones,2004,8,2011-12,1500000,31,SG,51,666,46,11,25,30,6,43,49,19,17,9,10,45,2016,6.8,218,University of Miami
James Jones,2004,9,2012-13,1500000,32,SF,38,221,16,5,2,4,0,22,22,13,2,6,3,16,2016,6.8,218,University of Miami
James Jones,2004,11,2014-15,1448490,34,SF,57,669,63,11,39,46,9,53,62,24,13,8,13,67,2016,6.8,218,University of Miami
James Jones,2004,12,2015-16,1499000,35,SF,35,337,27,10,16,21,6,31,37,13,8,6,10,44,2016,6.8,218,University of Miami
Chris Kaman,2004,3,2006-07,3491768,24,C,75,2176,0,294,166,224,160,428,588,79,41,116,147,251,2016,7,265,Central Michigan University
Chris Kaman,2004,4,2007-08,8600000,25,C,56,2083,0,338,202,265,173,538,711,107,33,155,164,179,2016,7,265,Central Michigan University
Chris Kaman,2004,5,2008-09,9500000,26,C,31,921,0,305,75,0.68,172,247,46,17,45,84,93,373,2016,7,265,Central Michigan University
Chris Kaman,2004,6,2009-10,10400000,27,C,76,2608,0,589,230,307,184,520,704,120,37,94,223,213,2016,7,265,Central Michigan University
Chris Kaman,2004,7,2010-11,11800000,28,C,32,838,0,376,57,0.754,174,225,46,16,48,58,75,397,2016,7,265,Central Michigan University
Chris Kaman,2004,8,2011-12,14030000,29,C,47,1372,0,597,107,0.785,275,364,101,25,77,129,106,616,2016,7,265,Central Michigan University
Chris Kaman,2004,9,2012-13,8000000,30,C,66,1363,0,313,67,85,97,275,372,51,29,52,103,141,2016,7,265,Central Michigan University
Chris Kaman,2004,10,2013-14,3183000,31,C,39,736,0,176,52,68,54,175,229,58,11,40,74,93,2016,7,265,Central Michigan University
Chris Kaman,2004,11,2014-15,4800000,32,C,74,1398,0,549,102,0.706,335,484,65,18,54,108,140,638,2016,7,265,Central Michigan University
Chris Kaman,2004,12,2015-16,5000000,33,C,8,64,0,10,0,0,6,9,5,0,0,5,6,20,2016,7,265,Central Michigan University
Kyle Korver,2004,3,2006-07,4018182,25,SF,74,2288,132,240,191,209,30,229,259,105,57,20,117,188,2016,6.7,212,Creighton University
Kyle Korver,2004,4,2007-08,4400000,26,SG-PF,75,1732,111,144,119,130,21,151,172,101,42,29,75,192,2016,6.7,212,Creighton University
Kyle Korver,2004,5,2008-09,4956818,27,SF,78,1874,103,142,112,127,35,223,258,137,47,30,90,170,2016,6.7,212,Creighton University
Kyle Korver,2004,6,2009-10,5155115,28,SG,52,952,59,79,39,49,10,101,111,89,26,12,42,76,2016,6.7,212,Creighton University
Kyle Korver,2004,7,2010-11,5000000,29,SG,82,1649,120,122,77,87,12,138,150,124,35,20,60,156,2016,6.7,212,Creighton University
Kyle Korver,2004,8,2011-12,5000000,30,SG,65,1469,118,60,55,66,26,133,159,112,36,15,53,110,2016,6.7,212,Creighton University
Kyle Korver,2004,9,2012-13,5000000,31,SF,74,2259,189,88,67,78,23,270,293,146,70,37,70,170,2016,6.7,212,Creighton University
Kyle Korver,2004,10,2013-14,6760563,32,SG,71,2408,185,104,87,94,22,260,282,208,70,24,102,147,2016,6.7,212,Creighton University
Kyle Korver,2004,11,2014-15,6253521,33,SG,75,2418,221,71,106,118,15,289,304,196,52,42,107,140,2016,6.7,212,Creighton University
Kyle Korver,2004,12,2015-16,5746479,34,SG,53,1598,103,74,38,46,8,176,184,117,46,24,73,107,2016,6.7,212,Creighton University
David Lee,2006,1,2006-07,926040,23,PF,58,1731,0,400,173,0.815,406,602,104,48,23,92,155,621,2016,6.9,245,University of Florida
David Lee,2006,2,2007-08,990600,24,PF,81,2356,0,341,194,237,242,482,724,95,55,29,97,210,2016,6.9,245,University of Florida
David Lee,2006,3,2008-09,1788033,25,C,81,2824,0,522,249,330,256,695,951,174,80,22,150,260,2016,6.9,245,University of Florida
David Lee,2006,4,2009-10,7000000,26,C,81,3019,0,686,268,330,228,721,949,295,85,40,189,257,2016,6.9,245,University of Florida
David Lee,2006,5,2010-11,10800000,27,PF,73,2634,1,495,210,267,217,497,714,233,74,31,170,211,2016,6.9,245,University of Florida
David Lee,2006,6,2011-12,11610000,28,PF,57,2121,0,464,219,280,171,374,545,162,54,22,149,179,2016,6.9,245,University of Florida
David Lee,2006,7,2012-13,12744000,29,PF,79,2907,0,602,255,320,218,668,886,279,67,22,207,246,2016,6.9,245,University of Florida
David Lee,2006,8,2013-14,13878000,30,PF,69,2288,0,513,231,296,182,461,643,147,48,26,152,206,2016,6.9,245,University of Florida
David Lee,2006,9,2014-15,15012000,31,PF,49,904,0,160,68,104,81,176,257,85,31,26,49,83,2016,6.9,245,University of Florida
David Lee,2006,10,2015-16,15493680,32,PF,30,470,0,87,40,51,41,89,130,54,12,13,38,51,2016,6.9,245,University of Florida
Shaun Livingston,2005,2,2006-07,3481920,21,PG,54,1611,5,203,82,116,56,128,184,274,59,29,108,135,2016,6.7,182,
Shaun Livingston,2005,4,2008-09,370000,23,PG,12,231,0,60,10,0.9,25,28,20,7,2,9,12,71,2016,6.7,182,
Shaun Livingston,2005,5,2009-10,296695,24,PG,36,796,0,104,42,48,16,62,78,130,17,11,58,61,2016,6.7,182,
Shaun Livingston,2005,6,2010-11,3500000,25,PG,73,1261,1,184,108,125,29,120,149,164,47,29,88,109,2016,6.7,182,
Shaun Livingston,2005,7,2011-12,3500000,26,SG,58,1092,2,125,62,79,39,84,123,122,27,20,66,79,2016,6.7,182,
Shaun Livingston,2005,8,2012-13,768720,27,PG,66,1455,0,166,85,98,31,127,158,215,48,31,76,127,2016,6.7,182,
Shaun Livingston,2005,9,2013-14,1272279,28,PG,76,1974,1,234,158,191,67,179,246,245,93,31,105,172,2016,6.7,182,
Shaun Livingston,2005,10,2014-15,5305000,29,PG,78,1468,0,198,65,91,43,140,183,259,49,20,102,110,2016,6.7,182,
Shaun Livingston,2005,11,2015-16,5543725,30,PG,49,946,2,132,48,54,27,64,91,140,32,11,45,85,2016,6.7,182,
Kevin Martin,2005,2,2006-07,1002840,23,SG,80,2818,127,378,481,570,69,273,342,173,98,11,135,181,2016,6.7,199,Western Carolina University
Kevin Martin,2005,3,2007-08,1808121,24,SG,61,2216,107,310,502,578,48,225,273,129,62,5,131,150,2016,6.7,199,Western Carolina University
Kevin Martin,2005,4,2008-09,8760335,25,SG,51,1947,115,226,457,527,29,154,183,138,61,8,146,116,2016,6.7,199,Western Carolina University
Kevin Martin,2005,5,2009-10,10180170,26,SG,46,1633,70,219,298,340,29,135,164,111,46,6,92,96,2016,6.7,199,Western Carolina University
Kevin Martin,2005,6,2010-11,11100005,27,SG,80,2603,176,377,594,669,28,230,258,198,80,15,184,155,2016,6.7,199,Western Carolina University
Kevin Martin,2005,7,2011-12,11519840,28,SG,40,1264,78,144,160,179,13,93,106,110,28,3,70,70,2016,6.7,199,Western Carolina University
Kevin Martin,2005,8,2012-13,12439675,29,SG,77,2136,158,192,219,246,31,147,178,106,72,8,101,138,2016,6.7,199,Western Carolina University
Kevin Martin,2005,9,2013-14,6500000,30,SG,68,2177,115,325,303,340,34,169,203,121,66,6,106,123,2016,6.7,199,Western Carolina University
Kevin Martin,2005,10,2014-15,6792500,31,SG,39,1302,75,192,170,193,19,123,142,89,33,1,76,76,2016,6.7,199,Western Carolina University
Kevin Martin,2005,11,2015-16,7085000,32,SG,35,791,36,85,117,132,9,62,71,44,16,1,34,60,2016,6.7,199,Western Carolina University
C.J. Miles,2006,1,2006-07,664209,19,SG,37,373,7,33,14,23,11,24,35,25,11,4,28,60,2016,6.6,231,
C.J. Miles,2006,2,2007-08,770610,20,SG,60,689,30,83,41,52,16,62,78,53,32,8,27,98,2016,6.6,231,
C.J. Miles,2006,3,2008-09,3700000,21,SG,72,1623,63,195,78,89,45,122,167,107,46,15,64,187,2016,6.6,231,
C.J. Miles,2006,4,2009-10,3700000,22,SF,63,1497,74,167,66,95,42,126,168,105,58,17,81,190,2016,6.6,231,
C.J. Miles,2006,5,2010-11,3700000,23,SF,78,1969,109,257,159,196,54,201,255,135,74,38,93,221,2016,6.6,231,
C.J. Miles,2006,6,2011-12,3700000,24,SG,56,1145,46,131,108,136,27,89,116,69,46,18,53,122,2016,6.6,231,
C.J. Miles,2006,7,2012-13,2225000,25,SF,65,1364,126,129,93,107,24,150,174,63,49,17,69,138,2016,6.6,231,
C.J. Miles,2006,8,2013-14,2225000,26,SG,51,984,83,95,64,75,18,85,103,52,46,15,44,103,2016,6.6,231,
C.J. Miles,2006,9,2014-15,4205000,27,SG,70,1841,154,175,130,161,18,196,214,75,60,26,73,132,2016,6.6,231,
C.J. Miles,2006,10,2015-16,4394225,28,SF,48,1192,102,93,80,109,22,128,150,52,46,22,57,111,2016,6.6,231,
Andre Miller,2000,7,2006-07,8733333,30,PG,80,2966,5,419,222,283,97,255,352,625,110,10,222,184,2016,6.3,200,University of Utah
Andre Miller,2000,8,2007-08,9366666,31,PG,82,3016,3,566,257,333,95,229,324,565,105,6,206,181,2016,6.3,200,University of Utah
Andre Miller,2000,9,2008-09,10333334,32,PG,82,2976,15,477,338,409,123,245,368,534,109,14,199,196,2016,6.3,200,University of Utah
Andre Miller,2000,10,2009-10,6730800,33,PG,82,2500,16,388,322,392,81,185,266,445,93,9,173,169,2016,6.3,200,University of Utah
Andre Miller,2000,11,2010-11,7269264,34,PG,81,2650,4,384,249,292,97,205,302,566,114,12,197,171,2016,6.3,200,University of Utah
Andre Miller,2000,12,2011-12,7807728,35,SG,66,1809,18,224,137,169,53,168,221,441,63,9,177,133,2016,6.3,200,University of Utah
Andre Miller,2000,13,2012-13,5000000,36,PG,82,2151,17,286,163,194,60,178,238,484,73,11,172,159,2016,6.3,200,University of Utah
Andre Miller,2000,14,2013-14,5000000,37,SG,58,982,11,95,60,77,28,102,130,197,34,9,61,75,2016,6.3,200,University of Utah
Andre Miller,2000,15,2014-15,4625000,38,PG,81,1253,7,138,58,77,37,116,153,284,32,6,104,103,2016,6.3,200,University of Utah
Andre Miller,2000,16,2015-16,1499187,39,PG,26,280,1,35,15,19,6,18,24,58,9,0,25,32,2016,6.3,200,University of Utah
Mike Miller,2001,6,2006-07,7623813,26,SG,70,2740,202,263,161,203,52,326,378,298,54,18,179,138,2016,6.8,218,University of Florida
Mike Miller,2001,7,2007-08,8376194,27,SG,70,2474,155,259,164,212,51,416,467,240,35,16,182,145,2016,6.8,218,University of Florida
Mike Miller,2001,8,2008-09,9028575,28,SF,73,2356,85,179,109,149,73,410,483,326,30,31,145,139,2016,6.8,218,University of Florida
Mike Miller,2001,9,2009-10,9750000,29,SG,54,1805,82,135,70,85,55,281,336,212,39,12,115,131,2016,6.8,218,University of Florida
Mike Miller,2001,10,2010-11,5000000,30,SG,41,838,43,38,23,34,38,146,184,51,20,2,41,88,2016,6.8,218,University of Florida
Mike Miller,2001,11,2011-12,5400000,31,SG,39,752,53,38,2,5,22,106,128,42,14,6,30,58,2016,6.8,218,University of Florida
Mike Miller,2001,12,2012-13,5800000,32,SF,59,900,73,27,8,11,18,139,157,99,21,4,35,63,2016,6.8,218,University of Florida
Mike Miller,2001,13,2013-14,1399507,33,SF,82,1707,107,106,46,56,30,177,207,130,26,5,77,95,2016,6.8,218,University of Florida
Mike Miller,2001,14,2014-15,6600000,34,SF,52,701,32,5,3,4,4,87,91,46,14,4,23,74,2016,6.8,218,University of Florida
Mike Miller,2001,15,2015-16,1499187,35,SF,38,310,14,2,0,0,39,45,34,10,3,15,44,46,2016,6.8,218,University of Florida
Jameer Nelson,2005,2,2006-07,1272120,24,PG,77,2331,65,311,183,221,50,186,236,330,73,5,184,225,2016,6,190,Saint Joseph's University
Jameer Nelson,2005,3,2007-08,1961609,25,PG,69,1961,64,219,125,151,28,215,243,383,63,4,141,167,2016,6,190,Saint Joseph's University
Jameer Nelson,2005,4,2008-09,7700000,26,PG,42,1309,82,185,86,97,20,125,145,226,51,3,83,123,2016,6,190,Saint Joseph's University
Jameer Nelson,2005,5,2009-10,6138888,27,PG,65,1860,86,231,98,116,26,168,194,353,48,2,139,147,2016,6,190,Saint Joseph's University
Jameer Nelson,2005,6,2010-11,7800000,28,PG,76,2319,119,255,130,162,37,189,226,456,75,3,194,209,2016,6,190,Saint Joseph's University
Jameer Nelson,2005,7,2011-12,7800000,29,PG,57,1706,87,172,71,88,29,152,181,325,38,5,135,130,2016,6,190,Saint Joseph's University
Jameer Nelson,2005,8,2012-13,8600000,30,PG,56,1977,121,185,89,102,23,186,209,413,71,6,154,161,2016,6,190,Saint Joseph's University
Jameer Nelson,2005,9,2013-14,8600000,31,PG,68,2179,136,158,96,112,29,202,231,476,52,5,166,146,2016,6,190,Saint Joseph's University
Jameer Nelson,2005,10,2014-15,2732000,32,PG,63,1407,89,116,24,36,33,113,146,253,47,6,109,136,2016,6,190,Saint Joseph's University
Jameer Nelson,2005,11,2015-16,4500000,33,PG,38,1029,43,70,30,35,19,95,114,190,25,5,66,99,2016,6,190,Saint Joseph's University
Dirk Nowitzki,1999,8,2006-07,15101625,28,PF,78,2820,72,601,498,551,122,571,693,263,52,62,167,171,2016,7,245,
Dirk Nowitzki,1999,9,2007-08,16360094,29,PF,77,2769,79,551,478,544,95,564,659,266,51,71,160,198,2016,7,245,
Dirk Nowitzki,1999,10,2008-09,18077904,30,PF,81,3050,61,713,485,545,88,593,681,197,61,63,157,176,2016,7,245,
Dirk Nowitzki,1999,11,2009-10,19795714,31,PF,81,3039,51,669,536,586,80,540,620,218,70,79,149,208,2016,7,245,
Dirk Nowitzki,1999,12,2010-11,17278618,32,PF,73,2504,66,544,395,443,50,463,513,190,38,47,137,172,2016,7,245,
Dirk Nowitzki,1999,13,2011-12,19092873,33,PF,62,2079,78,395,318,355,46,372,418,136,42,30,117,129,2016,7,245,
Dirk Nowitzki,1999,14,2012-13,20907128,34,PF,53,1661,65,278,166,193,37,326,363,132,38,37,70,93,2016,7,245,
Dirk Nowitzki,1999,15,2013-14,22721381,35,PF,80,2628,131,502,338,376,40,458,498,216,73,45,117,165,2016,7,245,
Dirk Nowitzki,1999,16,2014-15,7974482,36,PF,77,2282,104,383,255,289,44,413,457,143,39,33,82,160,2016,7,245,
Dirk Nowitzki,1999,17,2015-16,8333334,37,PF,49,1518,80,230,160,177,35,290,325,81,32,34,51,95,2016,7,245,
Zaza Pachulia,2004,3,2006-07,4000000,22,C,72,2026,0,291,293,373,199,301,500,106,77,36,162,267,2016,6.11,270,
Zaza Pachulia,2004,4,2007-08,4000000,23,C,62,944,0,107,108,153,89,159,248,36,24,13,69,140,2016,6.11,270,
Zaza Pachulia,2004,5,2008-09,4000000,24,C,77,1473,0,159,163,230,173,263,436,57,35,26,91,208,2016,6.11,270,
Zaza Pachulia,2004,6,2009-10,4750000,25,C,78,1089,0,120,93,143,117,176,293,42,37,31,58,186,2016,6.11,270,
Zaza Pachulia,2004,7,2010-11,4251250,26,C,79,1244,0,232,179,0.754,214,333,58,34,22,69,184,349,2016,6.11,270,
Zaza Pachulia,2004,8,2011-12,4750000,27,C,58,1640,0,339,158,0.741,303,457,79,55,29,81,172,455,2016,6.11,270,
Zaza Pachulia,2004,9,2012-13,5248750,28,C,52,1134,0,114,78,103,132,204,336,79,35,12,70,128,2016,6.11,270,
Zaza Pachulia,2004,10,2013-14,5200000,29,C,53,1325,0,149,110,130,141,192,333,136,45,14,92,124,2016,6.11,270,
Zaza Pachulia,2004,11,2014-15,5200000,30,C,73,1730,0,240,126,160,197,303,500,178,80,21,133,170,2016,6.11,270,
Zaza Pachulia,2004,12,2015-16,5200000,31,C,50,1482,0,167,166,220,182,353,535,99,48,16,92,132,2016,6.11,270,
Tony Parker,2002,5,2006-07,9450000,24,PG,77,2499,15,555,274,350,34,216,250,420,82,6,191,137,2016,6.2,185,
Tony Parker,2002,6,2007-08,10500000,25,PG,69,2312,17,498,248,347,30,191,221,411,55,8,164,93,2016,6.2,185,
Tony Parker,2002,7,2008-09,11550000,26,PG,72,2456,19,620,284,363,27,196,223,496,67,4,186,110,2016,6.2,185,
Tony Parker,2002,8,2009-10,12600000,27,PG,56,1728,10,339,186,246,7,128,135,317,29,8,149,96,2016,6.2,185,
Tony Parker,2002,9,2010-11,13500000,28,PG,78,2528,25,530,233,303,30,208,238,513,90,3,200,135,2016,6.2,185,
Tony Parker,2002,10,2011-12,12500000,29,PG,60,1923,14,413,227,284,22,149,171,463,57,5,153,75,2016,6.2,185,
Tony Parker,2002,11,2012-13,12500000,30,PG,66,2174,24,495,279,330,18,180,198,499,54,6,170,92,2016,6.2,185,
Tony Parker,2002,12,2013-14,12500000,31,PG,68,1997,25,431,197,243,17,138,155,388,36,9,151,86,2016,6.2,185,
Tony Parker,2002,13,2014-15,12500000,32,PG,68,1953,38,366,130,166,15,114,129,335,44,2,146,108,2016,6.2,185,
Tony Parker,2002,14,2015-16,13437500,33,PG,48,1283,16,225,79,104,12,111,123,244,41,7,82,76,2016,6.2,185,
Chris Paul,2006,1,2006-07,3380160,21,PG,64,2353,50,331,292,357,54,226,280,569,118,3,161,154,2016,6,175,Wake Forest University
Chris Paul,2006,2,2007-08,3615960,22,PG,80,3006,92,538,332,390,62,259,321,925,217,4,201,185,2016,6,175,Wake Forest University
Chris Paul,2006,3,2008-09,4574189,23,PG,78,3002,64,567,455,524,69,363,432,861,216,10,231,212,2016,6,175,Wake Forest University
Chris Paul,2006,4,2009-10,13520500,24,PG,45,1712,52,262,161,190,20,171,191,480,96,8,112,118,2016,6,175,Wake Forest University
Chris Paul,2006,5,2010-11,14940153,25,PG,80,2880,71,359,337,384,38,289,327,782,188,5,177,196,2016,6,175,Wake Forest University
Chris Paul,2006,6,2011-12,16359805,26,PG,60,2181,79,346,260,302,42,171,213,543,152,4,124,138,2016,6,175,Wake Forest University
Chris Paul,2006,7,2012-13,17779458,27,PG,70,2335,76,336,286,323,53,209,262,678,169,10,159,143,2016,6,175,Wake Forest University
Chris Paul,2006,8,2013-14,18668431,28,PG,62,2171,78,328,295,345,38,230,268,663,154,4,145,157,2016,6,175,Wake Forest University
Chris Paul,2006,9,2014-15,20068563,29,PG,82,2857,139,429,289,321,52,324,376,838,156,15,190,203,2016,6,175,Wake Forest University
Chris Paul,2006,10,2015-16,21468696,30,PG,48,1585,76,258,183,208,27,156,183,450,103,8,132,130,2016,6,175,Wake Forest University
Kendrick Perkins,2004,3,2006-07,1689409,22,C,72,1576,0,132,60,100,113,259,372,94,23,96,113,214,2016,6.1,270,
Kendrick Perkins,2004,4,2007-08,4480912,23,C,78,1912,0,214,114,183,145,329,474,84,31,114,125,242,2016,6.1,270,
Kendrick Perkins,2004,5,2008-09,4578880,24,C,76,2253,0,276,96,160,204,415,619,96,22,150,165,253,2016,6.1,270,
Kendrick Perkins,2004,6,2009-10,4250000,25,C,78,2154,0,314,163,280,155,440,595,80,26,132,165,219,2016,6.1,270,
Kendrick Perkins,2004,7,2010-11,4640208,26,C,29,742,0,130,72,0.556,170,232,26,9,26,56,91,174,2016,6.1,270,
Kendrick Perkins,2004,8,2011-12,7123626,27,C,65,1744,0,262,112,0.652,306,426,78,25,73,118,189,329,2016,6.1,270,
Kendrick Perkins,2004,9,2012-13,7800531,28,C,78,1954,0,143,44,72,110,356,466,111,43,83,109,227,2016,6.1,270,
Kendrick Perkins,2004,10,2013-14,8477437,29,C,62,1207,0,87,37,67,82,223,305,67,26,32,90,177,2016,6.1,270,
Kendrick Perkins,2004,11,2014-15,9654342,30,C,68,1148,0,102,42,83,91,229,320,51,16,42,95,162,2016,6.1,270,
Kendrick Perkins,2004,12,2015-16,1499200,31,C,10,89,0,16,4,0.25,13,19,5,0,2,8,10,27,2016,6.1,270,
Paul Pierce,1999,8,2006-07,15101625,29,SG,47,1740,107,266,320,402,39,238,277,194,48,13,152,122,2016,6.7,235,University of Kansas
Paul Pierce,1999,9,2007-08,16360094,30,SF,80,2874,143,366,409,485,53,358,411,363,101,36,221,200,2016,6.7,235,University of Kansas
Paul Pierce,1999,10,2008-09,18077903,31,SF,81,3035,119,421,459,553,56,401,457,294,80,27,228,215,2016,6.7,235,University of Kansas
Paul Pierce,1999,11,2009-10,19795712,32,SF,71,2411,109,300,369,433,39,271,310,218,84,31,166,196,2016,6.7,235,University of Kansas
Paul Pierce,1999,12,2010-11,13876321,33,SF,80,2774,111,396,386,449,34,396,430,260,80,51,171,231,2016,6.7,235,University of Kansas
Paul Pierce,1999,13,2011-12,15333334,34,SF,61,2075,100,294,293,344,37,280,317,274,70,26,173,147,2016,6.7,235,University of Kansas
Paul Pierce,1999,14,2012-13,16790345,35,SF,77,2575,145,331,333,423,45,442,487,370,84,30,214,210,2016,6.7,235,University of Kansas
Paul Pierce,1999,15,2013-14,15333334,36,SF,75,2098,112,209,256,310,26,322,348,178,86,31,153,190,2016,6.7,235,University of Kansas
Paul Pierce,1999,16,2014-15,5305000,37,SF,73,1914,118,175,164,210,45,249,294,144,46,24,92,160,2016,6.7,235,University of Kansas
Paul Pierce,1999,17,2015-16,3400000,38,SF,48,848,54,39,33,41,9,126,135,50,21,11,36,87,2016,6.7,235,University of Kansas
Ronnie Price,2006,1,2006-07,664209,23,PG,58,563,21,46,37,55,15,56,71,48,28,4,33,64,2016,6.2,190,Utah Valley State College
Ronnie Price,2006,2,2007-08,1100000,24,PG,61,588,26,62,26,38,8,38,46,78,32,3,30,83,2016,6.2,190,Utah Valley State College
Ronnie Price,2006,3,2008-09,1188000,25,PG,52,738,19,58,34,45,12,57,69,108,39,5,61,74,2016,6.2,190,Utah Valley State College
Ronnie Price,2006,4,2009-10,1250000,26,PG,60,806,18,80,41,59,28,46,74,123,40,13,56,109,2016,6.2,190,Utah Valley State College
Ronnie Price,2006,5,2010-11,1380000,27,SG,59,717,20,54,29,39,22,39,61,56,42,5,55,106,2016,6.2,190,Utah Valley State College
Ronnie Price,2006,6,2011-12,1069509,28,PG,36,517,13,36,20,25,18,38,56,67,34,3,46,72,2016,6.2,190,Utah Valley State College
Ronnie Price,2006,8,2013-14,1265977,30,SG,31,377,9,19,9,13,8,35,43,66,25,2,26,50,2016,6.2,190,Utah Valley State College
Ronnie Price,2006,9,2014-15,1316809,31,PG,43,982,31,46,36,45,19,50,69,165,67,4,52,118,2016,6.2,190,Utah Valley State College
Ronnie Price,2006,10,2015-16,1499187,32,PG,34,504,32,15,17,19,10,28,38,59,36,5,26,77,2016,6.2,190,Utah Valley State College
Tayshaun Prince,2003,4,2006-07,7851240,26,SF,82,3001,81,378,172,224,144,285,429,227,51,55,98,116,2016,6.9,212,University of Kentucky
Tayshaun Prince,2003,5,2007-08,8675620,27,SF,82,2694,53,368,185,241,109,289,398,268,42,33,91,90,2016,6.9,212,University of Kentucky
Tayshaun Prince,2003,6,2008-09,9500000,28,SF,82,3057,56,403,189,243,128,348,476,253,44,51,101,104,2016,6.9,212,University of Kentucky
Tayshaun Prince,2003,7,2009-10,10324380,29,SF,49,1664,27,255,70,98,71,177,248,161,34,22,60,77,2016,6.9,212,University of Kentucky
Tayshaun Prince,2003,8,2010-11,11148760,30,SF,78,2562,34,439,118,168,78,251,329,215,30,41,82,90,2016,6.9,212,University of Kentucky
Tayshaun Prince,2003,9,2011-12,6292135,31,SF,63,2087,37,299,89,115,72,209,281,153,27,32,74,77,2016,6.9,212,University of Kentucky
Tayshaun Prince,2003,10,2012-13,6764045,32,SF,82,2631,38,321,96,130,72,292,364,196,48,25,89,86,2016,6.9,212,University of Kentucky
Tayshaun Prince,2003,11,2013-14,7235955,33,SF,76,1948,20,180,34,60,32,202,234,119,39,19,41,63,2016,6.9,212,University of Kentucky
Tayshaun Prince,2003,12,2014-15,7707865,34,SF,58,1397,31,146,49,65,52,158,210,93,29,16,35,55,2016,6.9,212,University of Kentucky
Tayshaun Prince,2003,13,2015-16,1499187,35,SF,53,1131,3,79,8,13,23,83,106,52,26,11,20,47,2016,6.9,212,University of Kentucky
Zach Randolph,2002,5,2006-07,12000000,25,PF,68,2425,14,586,394,481,199,489,688,147,53,15,215,184,2016,6.9,260,Michigan State University
Zach Randolph,2002,6,2007-08,13333333,26,C,69,2244,22,464,223,289,184,526,710,140,59,16,186,194,2016,6.9,260,Michigan State University
Zach Randolph,2002,7,2008-09,14666667,27,PF-C,50,1757,32,383,179,244,157,347,504,103,43,16,114,133,2016,6.9,260,Michigan State University
Zach Randolph,2002,8,2009-10,16000000,28,PF,81,3051,15,637,362,465,330,620,950,149,80,34,174,226,2016,6.9,260,Michigan State University
Zach Randolph,2002,9,2010-11,17666666,29,PF,75,2724,8,590,300,396,326,588,914,163,63,25,151,175,2016,6.9,260,Michigan State University
Zach Randolph,2002,10,2011-12,15200000,30,PF,28,735,2,130,58,88,78,147,225,48,21,4,40,57,2016,6.9,260,Michigan State University
Zach Randolph,2002,11,2012-13,16500000,31,PF,76,2607,2,469,225,300,310,544,854,108,61,31,150,180,2016,6.9,260,Michigan State University
Zach Randolph,2002,12,2013-14,17800000,32,PF,79,2705,2,558,250,337,265,530,795,200,54,23,183,210,2016,6.9,260,Michigan State University
Zach Randolph,2002,13,2014-15,16500000,33,PF,71,2304,7,447,228,298,225,522,747,153,69,14,156,175,2016,6.9,260,Michigan State University
Zach Randolph,2002,14,2015-16,9638555,34,PF,48,1388,2,285,104,138,135,249,384,76,31,9,71,98,2016,6.9,260,Michigan State University
Nate Robinson,2006,1,2006-07,1185480,22,PG,64,1356,83,144,108,139,55,97,152,90,50,6,72,160,2016,5.9,180,University of Washington
Nate Robinson,2006,2,2007-08,1268160,23,PG,72,1883,97,234,154,196,51,171,222,212,60,1,103,186,2016,5.9,180,University of Washington
Nate Robinson,2006,3,2008-09,2020179,24,PG,74,2209,125,324,249,296,98,192,290,301,95,6,139,206,2016,5.9,180,University of Washington
Nate Robinson,2006,4,2009-10,4000000,25,PG,56,1115,87,128,50,67,28,82,110,163,49,5,73,116,2016,5.9,180,University of Washington
Nate Robinson,2006,5,2010-11,4200000,26,PG,59,1013,65,85,36,44,15,75,90,111,29,4,68,115,2016,5.9,180,University of Washington
Nate Robinson,2006,6,2011-12,4500000,27,PG,51,1192,66,139,94,113,15,85,100,231,59,2,75,118,2016,5.9,180,University of Washington
Nate Robinson,2006,7,2012-13,1146337,28,PG,82,2086,141,258,135,169,29,155,184,358,85,10,144,207,2016,5.9,180,University of Washington
Nate Robinson,2006,8,2013-14,2016000,29,PG,44,866,58,106,71,85,21,60,81,112,36,4,58,92,2016,5.9,180,University of Washington
Nate Robinson,2006,9,2014-15,2106720,30,PG,42,591,31,57,31,46,17,33,50,97,20,3,30,76,2016,5.9,180,University of Washington
Nate Robinson,2006,10,2015-16,44000,31,PG,2,23,0,0,0,0,0,4,1,0,0,5,0,0,2016,5.9,180,University of Washington
J.R. Smith,2005,2,2006-07,1387560,21,SG,63,1471,149,135,102,126,30,113,143,91,49,9,85,147,2016,6.6,225,
J.R. Smith,2005,3,2007-08,2134067,22,SG,74,1421,157,154,128,178,43,109,152,128,62,12,112,144,2016,6.6,225,
J.R. Smith,2005,4,2008-09,4985001,23,SG,81,2245,180,244,205,272,43,254,297,227,78,14,150,190,2016,6.6,225,
J.R. Smith,2005,5,2009-10,5508426,24,SG,75,2082,158,270,142,201,28,206,234,183,99,20,139,174,2016,6.6,225,
J.R. Smith,2005,6,2010-11,6757851,25,SF,79,1968,124,217,163,221,45,277,322,175,92,16,100,173,2016,6.6,225,
J.R. Smith,2005,7,2011-12,2382353,26,SG,35,967,67,98,39,55,29,107,136,84,54,6,46,87,2016,6.6,225,
J.R. Smith,2005,8,2012-13,2806452,27,SG,80,2678,155,372,237,311,64,361,425,218,100,24,134,226,2016,6.6,225,
J.R. Smith,2005,9,2013-14,5565000,28,SF,74,2421,189,207,90,138,35,261,296,219,65,20,108,196,2016,6.6,225,
J.R. Smith,2005,10,2014-15,6516000,29,SG,70,2080,163,152,54,72,30,188,218,195,82,22,97,163,2016,6.6,225,
J.R. Smith,2005,11,2015-16,5000000,30,SG,48,1464,129,100,31,52,28,109,137,74,54,17,39,135,2016,6.6,225,
Josh Smith,2005,2,2006-07,1460640,21,SF,72,2647,38,398,268,387,165,456,621,236,101,207,227,241,2016,6.9,225,
Josh Smith,2005,3,2007-08,2243543,22,PF,81,2873,25,493,333,469,161,506,667,272,123,227,245,269,2016,6.9,225,
Josh Smith,2005,4,2008-09,10000000,23,PF,69,2421,26,392,211,359,134,364,498,169,94,111,161,184,2016,6.9,225,
Josh Smith,2005,5,2009-10,10800000,24,PF,81,2871,0,504,261,422,223,482,705,342,130,172,198,240,2016,6.9,225,
Josh Smith,2005,6,2010-11,11600000,25,PF,77,2645,51,446,229,316,134,523,657,255,99,120,197,217,2016,6.9,225,
Josh Smith,2005,7,2011-12,12400000,26,PF,66,2329,28,476,203,322,136,496,632,257,93,115,164,172,2016,6.9,225,
Josh Smith,2005,8,2012-13,13200000,27,PF,76,2683,61,489,166,321,133,506,639,321,94,136,226,175,2016,6.9,225,
Josh Smith,2005,9,2013-14,13500000,28,SF,77,2730,70,447,160,301,102,418,520,252,105,110,199,197,2016,6.9,225,
Josh Smith,2005,10,2014-15,14000000,29,PF,83,2300,72,342,127,255,152,378,530,277,87,116,206,228,2016,6.9,225,
Josh Smith,2005,11,2015-16,1499000,30,PF,43,656,29,71,33,56,43,116,159,66,26,44,57,89,2016,6.9,225,
Amar'e Stoudemire,2003,4,2006-07,12455000,24,C,82,2689,0,607,457,585,222,564,786,84,78,110,232,295,2016,6.1,245,
Amar'e Stoudemire,2003,5,2007-08,13762775,25,C,79,2677,5,709,556,691,178,541,719,118,64,163,174,294,2016,6.1,245,
Amar'e Stoudemire,2003,6,2008-09,15070550,26,PF,53,1948,3,401,323,387,116,314,430,104,49,57,150,163,2016,6.1,245,
Amar'e Stoudemire,2003,7,2009-10,16378325,27,PF,82,2838,1,703,487,632,230,502,732,82,52,83,213,281,2016,6.1,245,
Amar'e Stoudemire,2003,8,2010-11,16486611,28,C,78,2870,10,734,473,597,198,438,636,202,71,150,250,274,2016,6.1,245,
Amar'e Stoudemire,2003,9,2011-12,18217705,29,PF,47,1543,5,311,186,243,106,261,367,52,38,45,112,138,2016,6.1,245,
Amar'e Stoudemire,2003,10,2012-13,19948799,30,PF,29,682,0,267,130,0.808,85,145,13,10,21,50,89,413,2016,6.1,245,
Amar'e Stoudemire,2003,11,2013-14,21679893,31,C,65,1466,0,558,203,0.739,208,320,34,23,37,91,159,772,2016,6.1,245,
Amar'e Stoudemire,2003,12,2014-15,23410988,32,PF,59,1245,0,273,134,186,110,219,329,45,29,38,78,161,2016,6.1,245,
Amar'e Stoudemire,2003,13,2015-16,1499187,33,C,25,355,0,104,37,0.73,80,113,17,9,19,22,33,135,2016,6.1,245,
Jason Terry,2000,7,2006-07,8100000,29,SG,81,2846,162,352,160,199,41,190,231,422,81,17,152,170,2016,6.2,185,University of Arizona
Jason Terry,2000,8,2007-08,8898000,30,SG,82,2579,136,335,191,223,30,178,208,264,88,18,92,170,2016,6.2,185,University of Arizona
Jason Terry,2000,9,2008-09,9196000,31,SG,74,2491,167,374,198,225,39,138,177,251,97,20,119,141,2016,6.2,185,University of Arizona
Jason Terry,2000,10,2009-10,9862500,32,SG,77,2540,136,320,232,268,19,121,140,292,94,17,109,142,2016,6.2,185,University of Arizona
Jason Terry,2000,11,2010-11,10650000,33,SG,82,2564,127,365,182,214,24,129,153,334,93,13,167,140,2016,6.2,185,University of Arizona
Jason Terry,2000,12,2011-12,11158000,34,SG,63,2000,138,219,98,111,16,133,149,226,73,11,127,69,2016,6.2,185,University of Arizona
Jason Terry,2000,13,2012-13,5000000,35,SG,79,2124,123,158,114,131,19,140,159,198,66,11,102,110,2016,6.2,185,University of Arizona
Jason Terry,2000,14,2013-14,5625313,36,PG,35,570,39,16,10,15,4,33,37,56,13,0,27,48,2016,6.2,185,University of Arizona
Jason Terry,2000,15,2014-15,5850313,37,SG,77,1641,126,62,39,48,15,106,121,147,66,19,74,116,2016,6.2,185,University of Arizona
Jason Terry,2000,16,2015-16,1499187,38,SG,45,758,58,35,20,25,7,41,48,59,30,6,30,63,2016,6.2,185,University of Arizona
Beno Udrih,2005,2,2006-07,967920,24,PG,73,948,33,94,53,60,11,71,82,122,27,1,56,70,2016,6.3,205,
Beno Udrih,2005,3,2007-08,1747096,25,PG,65,2080,53,275,125,147,34,183,217,282,56,10,148,138,2016,6.3,205,
Beno Udrih,2005,4,2008-09,5585000,26,PG,73,2270,35,286,123,150,46,174,220,342,81,12,158,192,2016,6.3,205,
Beno Udrih,2005,5,2009-10,6031800,27,PG,79,2477,75,340,118,141,38,181,219,372,89,10,136,166,2016,6.3,205,
Beno Udrih,2005,6,2010-11,6478600,28,PG,79,2734,65,347,197,228,41,224,265,386,94,9,141,181,2016,6.3,205,
Beno Udrih,2005,7,2011-12,6925400,29,SG,59,1080,17,129,39,55,26,76,102,227,37,1,77,69,2016,6.3,205,
Beno Udrih,2005,8,2012-13,7372000,30,SG-PG,66,1457,34,176,84,103,34,107,141,302,41,3,108,90,2016,6.3,205,
Beno Udrih,2005,9,2013-14,1272279,31,SG,41,643,19,59,25,30,10,49,59,116,23,4,47,50,2016,6.3,205,
Beno Udrih,2005,10,2014-15,2077000,32,PG,79,1494,26,220,87,102,20,123,143,220,46,8,89,88,2016,6.3,205,
Beno Udrih,2005,11,2015-16,2170465,33,PG,41,668,14,68,17,18,7,61,68,111,14,1,48,48,2016,6.3,205,
Anderson Varejao,2005,2,2006-07,945600,24,C,81,1932,0,191,165,268,191,354,545,75,76,52,67,269,2016,6.1,273,
Anderson Varejao,2005,3,2007-08,5356000,25,C,48,1320,0,136,49,82,134,265,399,53,37,26,59,134,2016,6.1,273,
Anderson Varejao,2005,4,2008-09,5784480,26,PF,81,2306,0,270,154,250,166,415,581,81,75,66,80,239,2016,6.1,273,
Anderson Varejao,2005,5,2009-10,6300000,27,PF,76,2166,1,266,116,175,189,389,578,87,71,67,67,223,2016,6.1,273,
Anderson Varejao,2005,6,2010-11,7281818,28,C,31,994,0,114,54,81,98,203,301,45,27,38,40,87,2016,6.1,273,
Anderson Varejao,2005,7,2011-12,7700000,29,C,25,785,0,114,43,64,109,178,287,43,35,17,45,62,2016,6.1,273,
Anderson Varejao,2005,8,2012-13,8368182,30,C,25,901,0,138,77,102,138,223,361,84,37,14,44,68,2016,6.1,273,
Anderson Varejao,2005,9,2013-14,9036364,31,C,65,1800,0,227,92,135,187,442,629,140,69,39,72,164,2016,6.1,273,
Anderson Varejao,2005,10,2014-15,9704595,32,C,26,636,0,111,33,45,57,113,170,35,19,16,35,58,2016,6.1,273,
Anderson Varejao,2005,11,2015-16,9638554,33,C,31,310,0,32,16,21,24,67,91,20,11,5,16,35,2016,6.1,273,
Charlie Villanueva,2006,1,2006-07,2537880,22,PF,39,984,29,151,73,89,62,166,228,36,24,12,54,108,2016,6.11,232,University of Connecticut
Charlie Villanueva,2006,2,2007-08,2715000,23,PF,76,1829,55,299,123,157,145,321,466,78,30,35,107,174,2016,6.11,232,University of Connecticut
Charlie Villanueva,2006,3,2008-09,3448050,24,PF,78,2095,89,398,201,240,154,366,520,137,50,56,138,254,2016,6.11,232,University of Connecticut
Charlie Villanueva,2006,4,2009-10,6500000,25,PF,78,1848,99,264,106,130,85,280,365,53,48,55,74,223,2016,6.11,232,University of Connecticut
Charlie Villanueva,2006,5,2010-11,7020000,26,PF,76,1666,125,188,89,116,50,245,295,48,42,42,66,175,2016,6.11,232,University of Connecticut
Charlie Villanueva,2006,6,2011-12,7540000,27,PF,13,180,15,20,6,7,9,39,48,6,7,5,7,25,2016,6.11,232,University of Connecticut
Charlie Villanueva,2006,7,2012-13,8060000,28,PF,69,1092,90,85,27,49,49,192,241,54,31,39,39,96,2016,6.11,232,University of Connecticut
Charlie Villanueva,2006,8,2013-14,8580000,29,PF,20,180,14,21,8,14,6,28,34,6,4,5,7,16,2016,6.11,232,University of Connecticut
Charlie Villanueva,2006,9,2014-15,1316809,30,PF,64,678,83,67,20,35,30,119,149,19,15,22,28,64,2016,6.11,232,University of Connecticut
Charlie Villanueva,2006,10,2015-16,1499187,31,PF,44,528,33,65,16,18,17,101,118,20,13,11,25,58,2016,6.11,232,University of Connecticut
Sasha Vujacic,2005,2,2006-07,973920,22,SG,73,935,60,45,43,49,28,79,107,64,41,1,30,103,2016,6.7,195,
Sasha Vujacic,2005,3,2007-08,1756951,23,SG,72,1279,118,101,76,91,19,135,154,72,36,5,52,107,2016,6.7,195,
Sasha Vujacic,2005,4,2008-09,4524887,24,SG,80,1293,81,74,70,76,19,116,135,113,77,7,35,154,2016,6.7,195,
Sasha Vujacic,2005,5,2009-10,5000000,25,SG,67,575,25,41,28,33,25,54,79,41,20,4,17,67,2016,6.7,195,
Sasha Vujacic,2005,6,2010-11,5475113,26,SG,67,1648,97,142,81,96,30,156,186,132,54,5,66,136,2016,6.7,195,
Sasha Vujacic,2005,11,2015-16,1356146,31,SG,38,486,22,29,19,25,16,62,78,45,21,2,26,48,2016,6.7,195,
Dwyane Wade,2004,3,2006-07,3841443,25,SG,51,1931,21,451,432,535,51,188,239,384,107,62,216,117,2016,6.4,220,Marquette University
Dwyane Wade,2004,4,2007-08,13041250,26,SG,51,1954,22,417,354,467,45,169,214,354,87,37,224,137,2016,6.4,220,Marquette University
Dwyane Wade,2004,5,2008-09,14410581,27,SG,79,3048,88,766,590,771,89,309,398,589,173,106,272,178,2016,6.4,220,Marquette University
Dwyane Wade,2004,6,2009-10,15779912,28,SG,77,2792,73,646,534,702,107,266,373,501,142,82,252,181,2016,6.4,220,Marquette University
Dwyane Wade,2004,7,2010-11,14200000,29,SG,76,2823,63,629,494,652,123,362,485,346,111,87,237,197,2016,6.4,220,Marquette University
Dwyane Wade,2004,8,2011-12,15691000,30,SG,49,1625,15,401,235,297,73,164,237,225,82,63,129,110,2016,6.4,220,Marquette University
Dwyane Wade,2004,9,2012-13,17182000,31,SG,69,2391,17,552,308,425,86,258,344,352,128,56,194,140,2016,6.4,220,Marquette University
Dwyane Wade,2004,10,2013-14,18673000,32,SG,54,1775,9,406,189,258,60,181,241,252,79,29,161,106,2016,6.4,220,Marquette University
Dwyane Wade,2004,11,2014-15,15000000,33,SG,62,1971,29,480,284,370,58,161,219,299,73,21,209,105,2016,6.4,220,Marquette University
Dwyane Wade,2004,12,2015-16,20000000,34,SG,50,1512,7,358,199,260,63,139,202,235,52,26,132,71,2016,6.4,220,Marquette University
David West,2004,3,2006-07,2051938,26,PF,52,1900,8,369,187,227,126,298,424,114,42,38,98,143,2016,6.9,250,Xavier University
David West,2004,4,2007-08,10650000,27,PF,76,2870,6,623,300,353,180,495,675,177,62,99,165,208,2016,6.9,250,Xavier University
David West,2004,5,2008-09,9862500,28,PF,76,2982,6,604,367,415,160,486,646,173,49,68,163,207,2016,6.9,250,Xavier University
David West,2004,6,2009-10,9075000,29,PF,81,2949,7,612,296,342,164,441,605,239,76,60,173,233,2016,6.9,250,Xavier University
David West,2004,7,2010-11,8287500,30,PF,70,2451,2,526,264,327,155,374,529,164,67,62,142,202,2016,6.9,250,Xavier University
David West,2004,8,2011-12,10000000,31,PF,66,1925,2,347,142,176,118,315,433,140,52,46,93,160,2016,6.9,250,Xavier University
David West,2004,9,2012-13,10000000,32,PF,73,2435,4,498,242,315,145,418,563,213,74,69,157,149,2016,6.9,250,Xavier University
David West,2004,10,2013-14,12000000,33,PF,80,2472,4,454,198,251,120,422,542,223,61,74,133,186,2016,6.9,250,Xavier University
David West,2004,11,2014-15,12000000,34,PF,66,1895,4,319,119,161,108,341,449,223,48,48,120,160,2016,6.9,250,Xavier University
David West,2004,12,2015-16,1499000,35,PF,52,892,1,154,38,50,41,164,205,94,25,33,47,98,2016,6.9,250,Xavier University
Deron Williams,2006,1,2006-07,3749040,22,PG,80,2950,82,412,227,296,41,226,267,745,78,13,246,254,2016,6.3,200,University of Illinois at Urbana-Champaign
Deron Williams,2006,2,2007-08,4010640,23,PG,82,3059,83,483,330,411,34,209,243,862,90,23,279,200,2016,6.3,200,University of Illinois at Urbana-Champaign
Deron Williams,2006,3,2008-09,5069449,24,PG,68,2505,70,393,326,384,24,171,195,725,73,20,228,134,2016,6.3,200,University of Illinois at Urbana-Champaign
Deron Williams,2006,4,2009-10,12323900,25,PG,76,2802,96,398,335,418,50,253,303,798,96,16,252,208,2016,6.3,200,University of Illinois at Urbana-Champaign
Deron Williams,2006,5,2010-11,14940152,26,PG,65,2465,105,323,348,412,40,220,260,667,79,15,230,190,2016,6.3,200,University of Illinois at Urbana-Champaign
Deron Williams,2006,6,2011-12,16359805,27,PG,55,1999,115,276,257,305,23,160,183,481,67,20,219,121,2016,6.3,200,University of Illinois at Urbana-Champaign
Deron Williams,2006,7,2012-13,17177795,28,PG,78,2842,169,326,317,369,29,203,232,604,75,30,218,194,2016,6.3,200,University of Illinois at Urbana-Champaign
Deron Williams,2006,8,2013-14,18466130,29,PG,64,2059,98,224,173,216,15,153,168,392,93,13,143,148,2016,6.3,200,University of Illinois at Urbana-Champaign
Deron Williams,2006,9,2014-15,19754465,30,PG,68,2114,87,211,201,241,29,208,237,448,64,17,154,157,2016,6.3,200,University of Illinois at Urbana-Champaign
Deron Williams,2006,10,2015-16,5500000,31,PG,46,1477,65,164,126,142,13,121,134,247,44,10,106,105,2016,6.3,200,University of Illinois at Urbana-Champaign
Lou Williams,2006,1,2006-07,664209,20,PG,61,688,12,81,64,92,17,53,70,110,22,1,46,42,2016,6.1,175,
Lou Williams,2006,2,2007-08,770610,21,PG,80,1862,55,264,227,290,41,126,167,253,81,13,125,130,2016,6.1,175,
Lou Williams,2006,3,2008-09,4500000,22,SG,81,1919,63,273,304,385,36,129,165,242,85,14,151,128,2016,6.1,175,
Lou Williams,2006,4,2009-10,4972500,23,PG,64,1912,70,248,192,233,25,162,187,268,80,15,106,110,2016,6.1,175,
Lou Williams,2006,5,2010-11,5000000,24,SG,75,1747,88,235,293,356,32,117,149,252,47,17,102,128,2016,6.1,175,
Lou Williams,2006,6,2011-12,5176000,25,PG,64,1682,83,235,237,292,30,125,155,221,53,18,71,90,2016,6.1,175,
Lou Williams,2006,7,2012-13,5000000,26,SG,39,1119,72,115,105,121,8,72,80,139,44,10,74,55,2016,6.1,175,
Lou Williams,2006,8,2013-14,5225000,27,PG,60,1445,79,118,152,179,10,114,124,210,45,4,92,65,2016,6.1,175,
Lou Williams,2006,9,2014-15,5450000,28,SG,80,2016,152,223,340,395,24,127,151,164,88,10,101,103,2016,6.1,175,
Lou Williams,2006,10,2015-16,7000000,29,SG,52,1549,82,141,275,328,23,118,141,136,50,17,85,88,2016,6.1,175,
Marvin Williams,2006,1,2006-07,4174800,20,PF,64,2179,11,295,216,265,84,253,337,121,52,30,127,191,2016,6.9,237,University of North Carolina
Marvin Williams,2006,2,2007-08,4466040,21,SF,80,2765,1,423,336,409,119,338,457,137,81,33,127,225,2016,6.9,237,University of North Carolina
Marvin Williams,2006,3,2008-09,5636143,22,SF,61,2093,55,230,220,273,110,272,382,81,57,39,70,127,2016,6.9,237,University of North Carolina
Marvin Williams,2006,4,2009-10,7500000,23,SF,81,2468,40,262,176,215,106,310,416,93,66,46,72,160,2016,6.9,237,University of North Carolina
Marvin Williams,2006,5,2010-11,6712500,24,SF,65,1865,37,209,147,174,68,245,313,88,34,23,62,104,2016,6.9,237,University of North Carolina
Marvin Williams,2006,6,2011-12,7500000,25,SF,57,1500,58,145,115,146,76,218,294,71,47,18,39,84,2016,6.9,237,University of North Carolina
Marvin Williams,2006,7,2012-13,8287500,26,SF,73,1727,54,145,77,99,55,208,263,77,37,38,60,98,2016,6.9,237,University of North Carolina
Marvin Williams,2006,8,2013-14,7500000,27,PF,66,1674,84,147,57,73,82,252,334,78,54,31,53,151,2016,6.9,237,University of North Carolina
Marvin Williams,2006,9,2014-15,7000000,28,PF,78,2035,95,115,62,87,58,328,386,100,69,36,60,146,2016,6.9,237,University of North Carolina
Marvin Williams,2006,10,2015-16,7000000,29,PF,53,1542,90,108,73,84,82,266,348,72,31,55,37,85,2016,6.9,237,University of North Carolina
Mo Williams,2004,3,2006-07,1920000,24,PG,68,2472,79,389,159,186,54,275,329,416,85,6,203,201,2016,6.1,198,University of Alabama
Mo Williams,2004,4,2007-08,7750000,25,PG,66,2410,89,352,166,194,37,193,230,419,78,10,182,188,2016,6.1,198,University of Alabama
Mo Williams,2004,5,2008-09,8353000,26,PG,81,2834,183,343,208,228,47,232,279,329,69,9,179,215,2016,6.1,198,University of Alabama
Mo Williams,2004,6,2009-10,8860000,27,PG,69,2359,159,219,177,198,28,178,206,368,70,21,173,170,2016,6.1,198,University of Alabama
Mo Williams,2004,7,2010-11,9300000,28,PG,58,1788,79,212,151,177,21,132,153,380,53,10,171,150,2016,6.1,198,University of Alabama
Mo Williams,2004,8,2011-12,8500000,29,SG,52,1472,93,167,72,80,23,76,99,160,51,7,86,103,2016,6.1,198,University of Alabama
Mo Williams,2004,9,2012-13,8500000,30,PG,46,1418,59,170,75,85,24,86,110,285,46,9,125,105,2016,6.1,198,University of Alabama
Mo Williams,2004,10,2013-14,2652000,31,PG,74,1834,83,197,78,89,42,111,153,321,55,10,149,197,2016,6.1,198,University of Alabama
Mo Williams,2004,11,2014-15,3750000,32,PG,68,1980,119,222,163,187,22,152,174,424,46,14,172,162,2016,6.1,198,University of Alabama
Mo Williams,2004,12,2015-16,2100000,33,PG,34,687,29,93,38,42,4,61,65,93,11,5,54,56,2016,6.1,198,University of Alabama
Metta World Peace,2000,7,2006-07,7526316,27,SF,70,2641,93,365,307,415,102,352,454,235,149,43,146,205,2016,6.6,260,St. John's University
Metta World Peace,2000,8,2007-08,7400000,28,SF,57,2172,84,352,212,295,101,227,328,199,133,38,148,159,2016,6.6,260,St. John's University
Metta World Peace,2000,9,2008-09,7400000,29,SF,69,2452,153,263,196,262,65,294,359,229,105,24,140,155,2016,6.6,260,St. John's University
Metta World Peace,2000,10,2009-10,5854000,30,SF,77,2605,105,201,128,186,99,232,331,234,106,21,121,165,2016,6.6,260,St. John's University
Metta World Peace,2000,11,2010-11,6322320,31,SF,82,2410,83,178,92,136,100,167,267,175,124,36,90,181,2016,6.6,260,St. John's University
Metta World Peace,2000,12,2011-12,6790640,32,SF,64,1720,56,127,71,115,71,147,218,140,69,27,69,137,2016,6.6,260,St. John's University
Metta World Peace,2000,13,2012-13,7258960,33,SF,75,2530,141,191,124,169,101,271,372,112,122,42,98,198,2016,6.6,260,St. John's University
Metta World Peace,2000,14,2013-14,1590000,34,SF,29,388,17,39,10,16,18,41,59,17,24,8,19,44,2016,6.6,260,St. John's University
Metta World Peace,2000,16,2015-16,1499187,36,SF,20,347,17,14,16,25,11,40,51,17,12,9,8,38,2016,6.6,260,St. John's University
